;;;;;;;;;;;;;;;;;;;;;;;;;;CASA DOS PARAFUSOS E FERRAMENTAS 
;;;;;;;;;;;;;;;;;;;;;;;;;;Emitido em: 11/11/2022 11:36:24
;;;;;;;;;;;;;;;;;;;;;;;;;;Estoque de Produto
;;;;;;;;;;;;;;;;;;;;;;;;;Data do Saldo: 11/11/2022;
;;;;;;;;;;;;;;;;;;;;;;;;;;Categoria: ABRASIVOS
;;Cod. Barras;;;;;Identifica‡Æo;Produto;Unidade;;;;;Estoque p/ ;;;Custo;;;;Estoque;;;Valor Total;;
;;;;;;;;;;;;;;;;;;;;;;;;;;
;;;;;;;;;;;;;;Compra;;;;;;;;;;;;
;;;;;;;;;;;;;;;;;;;;;;;;;;
;;Categoria:;;;ABRASIVOS;;;;;;;;;;;;;;;;;;;;;
;;;;;;;;;;;;;;;;;;;;;;;;;;
;7,89532E+12;;;;;;00991-;FITA CREPE 48 X 50 MM  ;;RL;;;;;;0;;6,47;;;;3;;19,41;;
;;;;;;;;NORTON;;;;;;;;;;;;;;;;;;
;;;;;;;;;;;;;;;;;;;;;;;;;;
;7,89532E+12;;;;;;12700-;FITA CREPE 18 X 50 MM ;;RL;;;;;;0;;2,38;;;;201;;478,38;;
;;;;;;;;NORTON;;;;;;;;;;;;;;;;;;
;;;;;;;;;;;;;;;;;;;;;;;;;;
;7,89532E+12;;;;;;12701-;FITA CREPE 24 X 50 MM ;;RL;;;;;;0;;3,21;;;;103;;330,63;;
;;;;;;;;NORTON;;;;;;;;;;;;;;;;;;
;;;;Resumo de:;;ABRASIVOS;;;;;;;Qtde Itens: ;;307;;;;Total:;828,42;;;;;;
;;;;;;;;;;;;;;;;;;;;;;;;;;
;;Categoria:;;;ABRASIVOS:DISCO CORTE;;;;;;;;;;;;;;;;;;;;;
;;;;;;;;;;;;;;;;;;;;;;;;;;
;;;;;;;00879-;DISCO CORTE REFRATARIO ;;P€;;;;;;0;;15;;;;;;0;;
;;;;;;;;NORTON CLIPER  7;;;;;;;;;;;;;;;;;;
;;;;;;;;;;;;;;;;;;;;;;;;;;
;;;;;;;00880-;DISCO CORTE REFRATARIO ;;P€;;;;;;0;;24,4;;;;;;0;;
;;;;;;;;NORTON CLIPER 10;;;;;;;;;;;;;;;;;;
;;;;;;;;;;;;;;;;;;;;;;;;;;
;;;;;;;00881-;DISCO CORTE REFRATARIO ;;P€;;;;;;0;;55;;;;;;0;;
;;;;;;;;NORTON CLIPER 12;;;;;;;;;;;;;;;;;;
;;;;;;;;;;;;;;;;;;;;;;;;;;
;;;;;;;00882-;DISCO CORTE REFRATARIO ;;P€;;;;;;0;;59,08;;;;;;0;;
;;;;;;;;NORTON CLIPER 14;;;;;;;;;;;;;;;;;;
;;;;;;;;;;;;;;;;;;;;;;;;;;
;7,89135E+12;;;;;;00884-;DISCO CORTE CLASSIC AR ;;P€;;;;;;0;;2,38;;;;552;;1313,76;;
;;;;;;;;302  115 X 3.0 X 22.23 MM;;;;;;;;;;;;;;;;;;
;;;;;;;;;;;;;;;;;;;;;;;;;;
;7,89135E+12;;;;;;00885-;DISCO CORTE CLASSIC AR ;;P€;;;;;;0;;4,93;;;;355;;1750,15;;
;;;;;;;;302  180 X 3.0 X 22.23 MM;;;;;;;;;;;;;;;;;;
;;;;;;;;;;;;;;;;;;;;;;;;;;
;;;;;;;00886-;DISCO CORTE NORTON  AR ;;P€;;;;;;0;;11,24;;;;49;;550,76;;
;;;;;;;;302  10 X 1;;;;;;;;;;;;;;;;;;
;;;;;;;;;;;;;;;;;;;;;;;;;;
;;;;;;;00887-;DISCO CORTE NORTON  AR ;;P€;;;;;;0;;0;;;;-11;;0;;
;;;;;;;;302  12 X 3/4;;;;;;;;;;;;;;;;;;
;;;;;;;;;;;;;;;;;;;;;;;;;;
;7,89179E+12;;;;;;00888-;DISCO CORTE SUPER AR 312  ;;P€;;;;;;0;;3,66;;;;2504;;9164,64;;
;;;;;;;;115 X 3.0 X 22.23 MM;;;;;;;;;;;;;;;;;;
;;;;;;;;;;;;;;;;;;;;;;;;;;
;7,89532E+12;;;;;;00889-;DISCO CORTE NORTON  ;;P€;;;;;;0;;8,44;;;;353;;2979,32;;
;;;;;;;;SUPER AR 312  7;;;;;;;;;;;;;;;;;;
;;;;;;;;;;;;;;;;;;;;;;;;;;
;;;;;;;00890-;DISCO CORTE NORTON  AR ;;P€;;;;;;0;;0;;;;51;;0;;
;;;;;;;;312  10 X 1;;;;;;;;;;;;;;;;;;
;;;;;;;;;;;;;;;;;;;;;;;;;;
;;;;;;;00891-;DISCO CORTE NORTON  AR ;;P€;;;;;;0;;0;;;;-4;;0;;
;;;;;;;;312  12 X 1;;;;;;;;;;;;;;;;;;
;;;;;;;;;;;;;;;;;;;;;;;;;;
;;;;;;;00892-;DISCO CORTE NORTON  AR ;;P€;;;;;;0;;38,11;;;;-1;;-38,11;;
;;;;;;;;312  14 X 1;;;;;;;;;;;;;;;;;;
;;;;;;;;;;;;;;;;;;;;;;;;;;
;7,89135E+12;;;;;;00893-;DISCO CORTE BNA 12  115 X ;;P€;;;;;;0;;3,83;;;;3157;;12091,31;;
;;;;;;;;1.0 X 22.23 MM;;;;;;;;;;;;;;;;;;
;;;;;;;;;;;;;;;;;;;;;;;;;;
;;;;;;;00894-;DISCO CORTE BNA 12  178 X ;;P€;;;;;;0;;0;;;;-59;;0;;
;;;;;;;;1.0 X 22.23 MM;;;;;;;;;;;;;;;;;;
;;;;;;;;;;;;;;;;;;;;;;;;;;
;7,89135E+12;;;;;;00895-;DISCO CORTE BNA 12  180 X ;;P€;;;;;;0;;7,57;;;;835;;6320,95;;
;;;;;;;;1.6 X 22.23 MM;;;;;;;;;;;;;;;;;;
;;;;;;;;;;;;;;;;;;;;;;;;;;
;7,89135E+12;;;;;;00896-;DISCO CORTE CLASSIC AR ;;P€;;;;;;0;;2,01;;;;83;;166,83;;
;;;;;;;;102 115 X 1.0 X 22.23 MM;;;;;;;;;;;;;;;;;;
;;;;;;;;;;;;;;;;;;;;;;;;;;
;;;;;;;00897-;DISCO CORTE CLASSIC AR ;;P€;;;;;;0;;3,9;;;;347;;1353,3;;
;;;;;;;;102 180 X 1.6 X 22.23 MM;;;;;;;;;;;;;;;;;;
;;;;;;;;;;;;;;;;;;;;;;;;;;
;;;;;;;00898-;DISCO CORTE TELSTAR  10 X ;;P€;;;;;;0;;9,67;;;;9;;87,03;;
;;;;;;;;3/4;;;;;;;;;;;;;;;;;;
;;;;;;;;;;;;;;;;;;;;;;;;;;
;;;;;;;00900-;DISCO MULTI CORTE 115 X 1.0 ;;P€;;;;;;0;;4,9;;;;4;;19,59;;
;;;;;;;;X 22.23 MM;;;;;;;;;;;;;;;;;;
;;;;;;;;;;;;;;;;;;;;;;;;;;
;;;;;;;00901-;DISCO DIAMANTADO ;;P€;;;;;;0;;27,98;;;;0;;0;;
;;;;;;;;PORCELANATO CORTAG   4 ;;;;;;;;;;;;;;;;;;
Start;;;;;;;;;;;;;;;;;;;;;;;;;;
;;;;;;;;;;;;;;;;;;;;;;;;;;P gina 1
;;;;;;;;1/2;;;;;;;;;;;;;;;;;;
http://ao3tech.com/;;;;;;;;;;;;;;;;;;;;;;;;;;
;;;;;;;;;;;;;;;;;;;;;;;;;;
;;;;;;;00902-;DISCO DIAMANTADO NORTON ;;P€;;;;;;0;;0;;;;;;0;;
;;;;;;;;PRO CONTINUO   110 X 20;;;;;;;;;;;;;;;;;;
;;;;;;;;;;;;;;;;;;;;;;;;;;
;;;;;;;00903-;DISCO DIAMANTADO NORTON ;;P€;;;;;;0;;12;;;;-2;;-24;;
;;;;;;;; PRO SEGMENTADO 110 X 20;;;;;;;;;;;;;;;;;;
;;;;;;;;;;;;;;;;;;;;;;;;;;
;;;;;;;00904-;DISCO DIAMANTADO NORTON ;;P€;;;;;;0;;23;;;;3;;69;;
;;;;;;;; PRO TURBO    110 X 20;;;;;;;;;;;;;;;;;;
;;;;;;;;;;;;;;;;;;;;;;;;;;
;;;;;;;00905-;DISCO DIAMANTADO NORTON ;;P€;;;;;;0;;36,79;;;;3;;110,37;;
;;;;;;;; PRO TURBO     180 X 20;;;;;;;;;;;;;;;;;;
;;;;;;;;;;;;;;;;;;;;;;;;;;
;;;;;;;01494-;DISCO DIAMANTADO DINSER ;;P€;;;;;;0;;27,83;;;;-1;;-27,83;;
;;;;;;;;4 1/2;;;;;;;;;;;;;;;;;;
;;;;;;;;;;;;;;;;;;;;;;;;;;
;;;;;;;03681-;DISCO CORTE NORTON INOX  ;;P€;;;;;;0;;1,78;;;;1000;;1776,25;;
;;;;;;;;AR 332  7;;;;;;;;;;;;;;;;;;
;;;;;;;;;;;;;;;;;;;;;;;;;;
;;;;;;;05727-;DISCO CORTE CLASSIC 115 X ;;P€;;;;;;0;;;;;;-14;;0;;
;;;;;;;;1.6 X 7/8;;;;;;;;;;;;;;;;;;
;;;;;;;;;;;;;;;;;;;;;;;;;;
;;;;;;;06180-;DISCO CORTE 254.0 X 3.2 X ;;P€;;;;;;0;;10,03;;;;;;0;;
;;;;;;;;190;;;;;;;;;;;;;;;;;;
;;;;;;;;;;;;;;;;;;;;;;;;;;
;;;;;;;06524-;DISCO CORTE 254.0 X 3.2 X ;;P€;;;;;;0;;0;;;;;;0;;
;;;;;;;;25,4;;;;;;;;;;;;;;;;;;
;;;;;;;;;;;;;;;;;;;;;;;;;;
;;;;;;;06652-;DISCO CORTE VONDER 12 X 1;;P€;;;;;;0;;16,09;;;;3;;48,27;;
;;;;;;;;;;;;;;;;;;;;;;;;;;
;7,89179E+12;;;;;;06774-;DISCO DIAMANTADO NORTON ;;P€;;;;;;0;;7,91;;;;41;;324,31;;
;;;;;;;; CLASSIC TURBO    110 X 20 ;;;;;;;;;;;;;;;;;;
;;;;;;;;MM;;;;;;;;;;;;;;;;;;
;;;;;;;;;;;;;;;;;;;;;;;;;;
;7,89179E+12;;;;;;06775-;DISCO DIAMANTADO NORTON ;;P€;;;;;;0;;7,91;;;;42;;332,22;;
;;;;;;;; CLASSIC SEGMENTADO 110 ;;;;;;;;;;;;;;;;;;
;;;;;;;;X 20 MM;;;;;;;;;;;;;;;;;;
;;;;;;;;;;;;;;;;;;;;;;;;;;
;7,89179E+12;;;;;;06776-;DISCO DIAMANTADO NORTON ;;P€;;;;;;0;;6,59;;;;26;;171,34;;
;;;;;;;; CLASSIC CONTINUO  110 X ;;;;;;;;;;;;;;;;;;
;;;;;;;;20 MM;;;;;;;;;;;;;;;;;;
;;;;;;;;;;;;;;;;;;;;;;;;;;
;7,89135E+12;;;;;;06783-;DISCO CORTE BASIC  ;;P€;;;;;;0;;1,31;;;;1999;;2618,69;;
;;;;;;;;NORTON 115 X 1.0 X 22.23 MM;;;;;;;;;;;;;;;;;;
;;;;;;;;;;;;;;;;;;;;;;;;;;
;;;;;;;06842-;DISCO CORTE BASIC  ;;P€;;;;;;0;;2,72;;;;591;;1607,52;;
;;;;;;;;NORTON 180 X 1.6 X 22.23 MM;;;;;;;;;;;;;;;;;;
;;;;;;;;;;;;;;;;;;;;;;;;;;
;;;;;;;06986-;DISCO POLI-CORTE 10 X 1/8 X ;;P€;;;;;;0;;;;;;;;0;;
;;;;;;;;3/4;;;;;;;;;;;;;;;;;;
;;;;;;;;;;;;;;;;;;;;;;;;;;
;;;;;;;06988-;DISCO DIAMANTADO ;;P€;;;;;;0;;688;;;;;;0;;
;;;;;;;;ASFALTO/CONCRETO 450MM ;;;;;;;;;;;;;;;;;;
;;;;;;;;ROCAST;;;;;;;;;;;;;;;;;;
;;;;;;;;;;;;;;;;;;;;;;;;;;
;;;;;;;07133-;DISCO CORTE NORTON  AR ;;P€;;;;;;0;;0;;;;0;;0;;
;;;;;;;;302  12 X 5/8;;;;;;;;;;;;;;;;;;
;;;;;;;;;;;;;;;;;;;;;;;;;;
;;;;;;;07136-;DISCO CORTE TELSTAR  12 X ;;P€;;;;;;0;;;;;;0;;0;;
;;;;;;;;3/4;;;;;;;;;;;;;;;;;;
;;;;;;;;;;;;;;;;;;;;;;;;;;
;;;;;;;07406-;DISCO CORTE TELSTAR  10 X ;;P€;;;;;;0;;9,07;;;;-2;;-18,14;;
;;;;;;;;5/8;;;;;;;;;;;;;;;;;;
;;;;;;;;;;;;;;;;;;;;;;;;;;
;;;;;;;09056-;DISCO CORTE TURBOINOX  ;;P€;;;;;;0;;10;;;;5;;50;;
;;;;;;;;INOX  7 X 1,6 X 7/8;;;;;;;;;;;;;;;;;;
;;;;;;;;;;;;;;;;;;;;;;;;;;
;;;;;;;09058-;DISCO CORTE WALTER  12 X ;;P€;;;;;;0;;13;;;;16;;208;;
;;;;;;;;1/8 X 1;;;;;;;;;;;;;;;;;;
;;;;;;;;;;;;;;;;;;;;;;;;;;
;;;;;;;09059-;DISCO CORTE WALTER  12 X ;;P€;;;;;;0;;14;;;;5;;70;;
;;;;;;;;1/8 X 1 1/4;;;;;;;;;;;;;;;;;;
;;;;;;;;;;;;;;;;;;;;;;;;;;
;;;;;;;09060-;DISCO CORTE TURBOINOX  ;;P€;;;;;;0;;1;;;;0;;0;;
;;;;;;;;115 X 1.0 X 22.23 MM;;;;;;;;;;;;;;;;;;
;;;;;;;;;;;;;;;;;;;;;;;;;;
;7,89901E+12;;;;;;09062-;DISCO DIAMANTADO ;;P€;;;;;;0;;8,1;;;;9;;72,9;;
;;;;;;;;SEGMENTADO 110 X 20 KALA;;;;;;;;;;;;;;;;;;
;;;;;;;;;;;;;;;;;;;;;;;;;;
;;;;;;;09063-;DISCO DIAMANTADO ;;P€;;;;;;0;;8;;;;-5;;-40;;
;;;;;;;;CONTINUO 110 X 20  KALA;;;;;;;;;;;;;;;;;;
;;;;;;;;;;;;;;;;;;;;;;;;;;
;;;;;;;09324-;DISCO CORTE NORTON  ;;P€;;;;;;0;;15;;;;14;;210;;
;;;;;;;;SUPER AR 312  9;;;;;;;;;;;;;;;;;;
;;;;;;;;;;;;;;;;;;;;;;;;;;
;;;;;;;09863-;DISCO DIAMANTADO NORTON ;;P€;;;;;;0;;40,1;;;;6;;240,6;;
;;;;;;;; CLASSIC TURBO    180 X ;;;;;;;;;;;;;;;;;;
;;;;;;;;22,23 MM;;;;;;;;;;;;;;;;;;
;;;;;;;;;;;;;;;;;;;;;;;;;;
;;;;;;;09895-;DISCO DIAMANTADO KALA  ;;P€;;;;;;0;;22,2;;;;0;;0;;
;;;;;;;;PRO SEGMENTADO 180 X 25;;;;;;;;;;;;;;;;;;
;;;;;;;;;;;;;;;;;;;;;;;;;;
;;;;;;;09897-;DISCO CORTE ACO CARBO ;;P€;;;;;;0;;6,11;;;;0;;0;;
;;;;;;;;180 X 3.0 X 22.23 MM;;;;;;;;;;;;;;;;;;
;;;;;;;;;;;;;;;;;;;;;;;;;;
;;;;;;;09932-;DISCO DIAMANTADO ;;P€;;;;;;0;;28,07;;;;0;;0;;
;;;;;;;;PORCELANATO CORTAG ;;;;;;;;;;;;;;;;;;
;;;;;;;;110MM;;;;;;;;;;;;;;;;;;
;;;;;;;;;;;;;;;;;;;;;;;;;;
;;;;;;;10087-;DISCO DIAMANTADO DINSER ;;P€;;;;;;0;;27,83;;;;1;;27,83;;
;;;;;;;;TURBO PC41;;;;;;;;;;;;;;;;;;
;;;;;;;;;;;;;;;;;;;;;;;;;;
;;;;;;;10122-;DISCO DIAMANTADO ;;P€;;;;;;0;;12,94;;;;;;0;;
;;;;;;;;HAMMER TURBO 110 X 120;;;;;;;;;;;;;;;;;;
;;;;;;;;;;;;;;;;;;;;;;;;;;
;;;;;;;10324-;DISCO CORTE TELSTAR  12 X ;;P€;;;;;;0;;;;;;;;0;;
;;;;;;;;1;;;;;;;;;;;;;;;;;;
;;;;;;;;;;;;;;;;;;;;;;;;;;
;7,89135E+12;;;;;;10495-;DISCO CORTE CLASSIC AR ;;P€;;;;;;0;;15,36;;;;27;;414,72;;
;;;;;;;;302  300 X 3.2 X 15.87 MM;;;;;;;;;;;;;;;;;;
;;;;;;;;;;;;;;;;;;;;;;;;;;
;7,89135E+12;;;;;;10498-;DISCO CORTE CLASSIC AR ;;P€;;;;;;0;;15,36;;;;17;;261,12;;
;;;;;;;;302  300 X 3.2 X 19.05 MM;;;;;;;;;;;;;;;;;;
;;;;;;;;;;;;;;;;;;;;;;;;;;
;;;;;;;10575-;DISCO CORTE BOSCH P/ ;;P€;;;;;;0;;40,24;;;;1;;40,24;;
;;;;;;;;MADEIRA;;;;;;;;;;;;;;;;;;
;;;;;;;;;;;;;;;;;;;;;;;;;;
;;;;;;;10576-;DISCO DIAMANTADO SPARTA ;;P€;;;;;;0;;8,82;;;;1;;8,82;;
;;;;;;;;CONTINUO;;;;;;;;;;;;;;;;;;
;;;;;;;;;;;;;;;;;;;;;;;;;;
;;;;;;;10577-;DISCO DIAMANTADO SPARTA ;;P€;;;;;;0;;9,17;;;;1;;9,17;;
;;;;;;;;SEGMENTADO;;;;;;;;;;;;;;;;;;
;;;;;;;;;;;;;;;;;;;;;;;;;;
;;;;;;;10578-;DISCO DIAMANTADO SPARTA ;;P€;;;;;;0;;9,75;;;;-2;;-19,5;;
;;;;;;;;TURBO;;;;;;;;;;;;;;;;;;
;;;;;;;;;;;;;;;;;;;;;;;;;;
;;;;;;;10833-;DISCO CORTE CISER AR 115 X ;;P€;;;;;;0;;1,85;;;;-8;;-14,8;;
;;;;;;;;1.0 X 22 MM;;;;;;;;;;;;;;;;;;
;;;;;;;;;;;;;;;;;;;;;;;;;;
;;;;;;;10834-;DISCO CORTE CISER AR 180 X ;;P€;;;;;;0;;4,14;;;;71;;294,29;;
;;;;;;;;1.9 X 22 MM;;;;;;;;;;;;;;;;;;
;;;;;;;;;;;;;;;;;;;;;;;;;;
;;;;;;;10941-;DISCO CORTE NORTON  AR ;;P€;;;;;;0;;67,93;;;;0;;0;;
;;;;;;;;312  16 X 1;;;;;;;;;;;;;;;;;;
;;;;;;;;;;;;;;;;;;;;;;;;;;
;;;;;;;11132-;DISCO CORTE  STARRETT 7   ;;P€;;;;;;0;;6,9;;;;5;;34,5;;
;;;;;;;;180 X 1.6 X 22.23 MM;;;;;;;;;;;;;;;;;;
;;;;;;;;;;;;;;;;;;;;;;;;;;
;;;;;;;11431-;DISCO CORTE VONDER 12 X ;;P€;;;;;;0;;18,85;;;;0;;0;;
;;;;;;;;3/4;;;;;;;;;;;;;;;;;;
;;;;;;;;;;;;;;;;;;;;;;;;;;
;;;;;;;11446-;DISCO CORTE WORKER 14 X 1;;P€;;;;;;0;;20,24;;;;0;;0;;
;;;;;;;;;;;;;;;;;;;;;;;;;;
;;;;;;;11943-;DISCO DIAMANTADO IRWIN ;;P€;;;;;;0;;169;;;;0;;0;;
;;;;;;;;METALMAX 7 X 7/8;;;;;;;;;;;;;;;;;;
;;;;;;;;;;;;;;;;;;;;;;;;;;
;;;;;;;11944-;DISCO DIAMANTADO IRWIN ;;P€;;;;;;0;;38,03;;;;0;;0;;
;;;;;;;;METALMAX 4 1/2;;;;;;;;;;;;;;;;;;
;;;;;;;;;;;;;;;;;;;;;;;;;;
;;;;;;;12077-;DISCO CORTE CLASSIC AR ;;P€;;;;;;0;;15,88;;;;33;;524,04;;
;;;;;;;;302  300 X 3.2 X 25.4 MM;;;;;;;;;;;;;;;;;;
;;;;;;;;;;;;;;;;;;;;;;;;;;
;7,89974E+12;;;;;;12145-;DISCO DIAMANTADO ;;P€;;;;;;;;17,91;;;;1;;17,91;;
;;;;;;;;PORCELANATO 110X20MM ;;;;;;;;;;;;;;;;;;
;;;;;;;;WORKER;;;;;;;;;;;;;;;;;;
;;;;;;;;;;;;;;;;;;;;;;;;;;
;;;;;;;12155-;DISCO CORTE ALCAR 406.4 X ;;P€;;;;;;0;;39,3;;;;0;;0;;
;;;;;;;;4.8 X 25.4 AB-2;;;;;;;;;;;;;;;;;;
;;;;;;;;;;;;;;;;;;;;;;;;;;
;;;;;;;12180-;DISCO DIAMANTADO ;;P€;;;;;;0;;14,41;;;;-8;;-115,28;;
;;;;;;;;PORCELANATO PRO 110 X 10 ;;;;;;;;;;;;;;;;;;
;;;;;;;;NORTON;;;;;;;;;;;;;;;;;;
;;;;;;;;;;;;;;;;;;;;;;;;;;
;7,89135E+12;;;;;;12215-;DISCO CORTE CLASSIC AR ;;UN;;;;;;;;25,92;;;;10;;259,2;;
;;;;;;;;302 356X3.2X25.40 MM;;;;;;;;;;;;;;;;;;
;;;;;;;;;;;;;;;;;;;;;;;;;;
;7,89135E+12;;;;;;12332-;DISCO CORTE CLASSIC ;;CX;;;;;;;;12,59;;;;22;;276,98;;
;;;;;;;;AR302 254X3.2X19.10;;;;;;;;;;;;;;;;;;
;;;;;;;;;;;;;;;;;;;;;;;;;;
;;;;;;;12334-;DISCO CORTE CLASSIC ;;CX;;;;;;;;11,22;;;;38;;426,36;;
;;;;;;;;AR302 254X3.2X25.40;;;;;;;;;;;;;;;;;;
;;;;;;;;;;;;;;;;;;;;;;;;;;
;;;;;;;12506-;DISCO CORTE TELSTAR  9 X ;;P€;;;;;;0;;8,35;;;;0;;0;;
;;;;;;;;7/8;;;;;;;;;;;;;;;;;;
;;;;;;;;;;;;;;;;;;;;;;;;;;
;;;;;;;12591-;DISCO DIAMANTADO ;;P€;;;;;;0;;193,2;;;;1;;193,2;;
;;;;;;;;ASF/CONCRETO 350MM - ;;;;;;;;;;;;;;;;;;
;;;;;;;;WINTERSTONE;;;;;;;;;;;;;;;;;;
;;;;;;;;;;;;;;;;;;;;;;;;;;
;;;;;;;12699-;DISCO CORTE DEPRESSAO ;;UN;;;;;;0;;7,39;;;;7;;51,73;;
;;;;;;;;CDA 123 4 1/2;;;;;;;;;;;;;;;;;;
;;;;;;;;;;;;;;;;;;;;;;;;;;
;;;;;;;12908-;DISCO CORTE CLASSIC ;;CX;;;;;;;;11,22;;;;27;;302,94;;
;;;;;;;;AR302 254X3.2X15.88;;;;;;;;;;;;;;;;;;
;;;;;;;;;;;;;;;;;;;;;;;;;;
;;;;;;;12925-;DISCO CORTE BOSCH 102 115 ;;P€;;;;;;0;;4,81;;;;-1;;-4,81;;
;;;;;;;;X 2.5 X 23 MM;;;;;;;;;;;;;;;;;;
;;;;;;;;;;;;;;;;;;;;;;;;;;
;;;;;;;12997-;DISCO TUNGSTENIO MADEIRA ;;P€;;;;;;0;;28,3;;;;1;;28,3;;
;;;;;;;;110MM STARFER;;;;;;;;;;;;;;;;;;
;;;;;;;;;;;;;;;;;;;;;;;;;;
;;;;;;;13031-;DISCO CORTE NORTON  ;;P€;;;;;;0;;10,88;;;;20;;217,6;;
;;;;;;;;AR302 254 X 3.2 X 25.4;;;;;;;;;;;;;;;;;;
;;;;;;;;;;;;;;;;;;;;;;;;;;
;;;;;;;13285-;DISCO DIAMANTADO IRWIN ;;P€;;;;;;0;;27,8;;;;;;0;;
;;;;;;;;TURBO PREMIUM IW2146 115 ;;;;;;;;;;;;;;;;;;
;;;;;;;;X 22MM;;;;;;;;;;;;;;;;;;
;;;;;;;;;;;;;;;;;;;;;;;;;;
;;;;;;;13642-;DISCO CORTE MULTICORTE  ;;P€;;;;;;0;;4,2;;;;;;0;;
;;;;;;;;115 X 1.0 X 22.23 MM;;;;;;;;;;;;;;;;;;
;;;;Resumo de:;;ABRASIVOS:DISCO CORTE;;;;;;;Qtde Itens: ;;12228;;;;Total:;46793,6;;;;;;
;;;;;;;;;;;;;;;;;;;;;;;;;;
;;Categoria:;;;ABRASIVOS:RODO LIXA;;;;;;;;;;;;;;;;;;;;;
;;;;;;;;;;;;;;;;;;;;;;;;;;
;;;;;;;02255-;RODO LIXA C/ PINO  50 X 25 X ;;P€;;;;;;0;;6,47;;;;75;;485,25;;
;;;;;;;;G100;;;;;;;;;;;;;;;;;;
;;;;;;;;;;;;;;;;;;;;;;;;;;
;;;;;;;04924-;RODO LIXA C/ PINO  50 X 25 X ;;P€;;;;;;0;;6,13;;;;7;;42,91;;
;;;;;;;;G 60;;;;;;;;;;;;;;;;;;
;;;;;;;;;;;;;;;;;;;;;;;;;;
;;;;;;;04925-;RODO LIXA C/ PINO 150 X 50 ;;P€;;;;;;0;;4,43;;;;0;;0;;
;;;;;;;;X G 36;;;;;;;;;;;;;;;;;;
;;;;;;;;;;;;;;;;;;;;;;;;;;
;;;;;;;05653-;RODO LIXA C/ PINO 70 X 20 X ;;P€;;;;;;0;;7,34;;;;10;;73,4;;
;;;;;;;;G 50;;;;;;;;;;;;;;;;;;
;;;;;;;;;;;;;;;;;;;;;;;;;;
;;;;;;;06543-;RODO LIXA C/ PINO  50 X 25 X ;;P€;;;;;;0;;6,26;;;;76;;475,76;;
;;;;;;;;G 80;;;;;;;;;;;;;;;;;;
;;;;;;;;;;;;;;;;;;;;;;;;;;
;;;;;;;07063-;RODO LIXA C/ PINO 70 X 20 X ;;P€;;;;;;0;;;;;;;;0;;
;;;;;;;;G 80;;;;;;;;;;;;;;;;;;
;;;;;;;;;;;;;;;;;;;;;;;;;;
;;;;;;;07989-;RODO LIXA C/ PINO 80 X 20 X ;;P€;;;;;;0;;;;;;0;;0;;
;;;;;;;;G 36;;;;;;;;;;;;;;;;;;
;;;;;;;;;;;;;;;;;;;;;;;;;;
;;;;;;;07990-;RODO LIXA C/ PINO 80 X 20 X ;;P€;;;;;;0;;;;;;9;;0;;
;;;;;;;;G 50;;;;;;;;;;;;;;;;;;
;;;;;;;;;;;;;;;;;;;;;;;;;;
;;;;;;;08040-;RODO LIXA C/ PINO 70 X 20 X ;;P€;;;;;;0;;;;;;0;;0;;
;;;;;;;;G120;;;;;;;;;;;;;;;;;;
;;;;;;;;;;;;;;;;;;;;;;;;;;
;;;;;;;08041-;RODO LIXA C/ PINO 80 X 20 X ;;P€;;;;;;0;;;;;;6;;0;;
;;;;;;;;G120;;;;;;;;;;;;;;;;;;
;;;;;;;;;;;;;;;;;;;;;;;;;;
;;;;;;;08042-;RODO LIXA C/ PINO 80 X 20 X ;;P€;;;;;;0;;;;;;;;0;;
;;;;;;;;G220;;;;;;;;;;;;;;;;;;
;;;;;;;;;;;;;;;;;;;;;;;;;;
;;;;;;;08769-;RODO LIXA C/ PINO  50 X 25 X ;;P€;;;;;;0;;3,17;;;;0;;0;;
;;;;;;;;G 120  BELTOOLS;;;;;;;;;;;;;;;;;;
;;;;;;;;;;;;;;;;;;;;;;;;;;
;;;;;;;08770-;RODO LIXA C/ PINO  50 X 25 X ;;P€;;;;;;0;;3,08;;;;0;;0;;
;;;;;;;;G 80  BELTOOLS;;;;;;;;;;;;;;;;;;
;;;;;;;;;;;;;;;;;;;;;;;;;;
;;;;;;;08771-;RODO LIXA C/ PINO  50 X 25 X ;;P€;;;;;;0;;2,76;;;;0;;0;;
;;;;;;;;G 50  BELTOOLS;;;;;;;;;;;;;;;;;;
;;;;;;;;;;;;;;;;;;;;;;;;;;
;;;;;;;09695-;RODO LIXA C/ PINO  30 X 20 X ;;P€;;;;;;0;;4,66;;;;0;;0;;
;;;;;;;;G 60 WORKER;;;;;;;;;;;;;;;;;;
;;;;;;;;;;;;;;;;;;;;;;;;;;
;;;;;;;10303-;RODO LIXA C/ PINO  50 X 25 X ;;P€;;;;;;0;;6,67;;;;45;;300,15;;
;;;;;;;;G120;;;;;;;;;;;;;;;;;;
;;;;;;;;;;;;;;;;;;;;;;;;;;
;;;;;;;10551-;RODO LIXA C/ PINO  50 X 25 X ;;P€;;;;;;0;;5,84;;;;66;;385,44;;
;;;;;;;;G 50;;;;;;;;;;;;;;;;;;
;;;;;;;;;;;;;;;;;;;;;;;;;;
;;;;;;;11585-;RODO LIXA C/ PINO  50 X 20 X ;;P€;;;;;;0;;7,92;;;;0;;0;;
;;;;;;;;G 36 WORKER;;;;;;;;;;;;;;;;;;
;;;;;;;;;;;;;;;;;;;;;;;;;;
;;;;;;;11641-;RODO LIXA C/ PINO  50 X 25 X ;;P€;;;;;;0;;5,61;;;;-18;;-100,98;;
;;;;;;;;G 36 FK ABRASIVOS;;;;;;;;;;;;;;;;;;
;;;;;;;;;;;;;;;;;;;;;;;;;;
;;;;;;;11835-;RODO LIXA C/ PINO  30 X 20 X ;;P€;;;;;;0;;4,83;;;;47;;227,01;;
;;;;;;;;G 36 WORKER;;;;;;;;;;;;;;;;;;
;;;;;;;;;;;;;;;;;;;;;;;;;;
;;;;;;;11836-;RODO LIXA C/ PINO  30 X 20 X ;;P€;;;;;;0;;4,74;;;;-5;;-23,7;;
;;;;;;;;G 80 WORKER;;;;;;;;;;;;;;;;;;
;;;;;;;;;;;;;;;;;;;;;;;;;;
;7,89996E+12;;;;;;13286-;RODO LIXA C/ PINO  50 X 25 X ;;P€;;;;;;0;;8,16;;;;1;;8,16;;
;;;;;;;;G 36 WORKER;;;;;;;;;;;;;;;;;;
;;;;Resumo de:;;ABRASIVOS:RODO LIXA;;;;;;;Qtde Itens: ;;319;;;;Total:;1873,39;;;;;;
;;;;;;;;;;;;;;;;;;;;;;;;;;
;;Categoria:;;;ABRASIVOS:DISCO DESBASTE;;;;;;;;;;;;;;;;;;;;;
;;;;;;;;;;;;;;;;;;;;;;;;;;
;;;;;;;00907-;DISCO DESBASTE CLASSIC ;;P€;;;;;;0;;8,15;;;;-12;;-97,8;;
;;;;;;;;BDA 600 7.0 X 1/4 X 7/8;;;;;;;;;;;;;;;;;;
;;;;;;;;;;;;;;;;;;;;;;;;;;
;7,89179E+12;;;;;;00908-;DISCO DESBASTE BDA 640 4 ;;P€;;;;;;0;;5,95;;;;1428;;8496,6;;
;;;;;;;;1/2;;;;;;;;;;;;;;;;;;
;;;;;;;;;;;;;;;;;;;;;;;;;;
;7,89179E+12;;;;;;00909-;DISCO DESBASTE SUPER BDA ;;P€;;;;;;0;;11,21;;;;2504;;28069,84;;
;;;;;;;;640 180 X 6.4 X 22.23 MM;;;;;;;;;;;;;;;;;;
;;;;;;;;;;;;;;;;;;;;;;;;;;
;7,89135E+12;;;;;;00910-;DISCO DESBASTE CLASSIC ;;P€;;;;;;0;;4,28;;;;706;;3021,68;;
;;;;;;;;BDA 600 115 X 6.4 X 22.23 MM;;;;;;;;;;;;;;;;;;
;;;;;;;;;;;;;;;;;;;;;;;;;;
;;;;;;;00911-;DISCO DESBASTE CLASSIC ;;P€;;;;;;0;;8;;;;10;;80;;
;;;;;;;;7.0 X 1/4 X 7/8;;;;;;;;;;;;;;;;;;
;;;;;;;;;;;;;;;;;;;;;;;;;;
;;;;;;;09046-;DISCO DESBASTE 180 X 6 MM ;;P€;;;;;;0;;;;;;;;0;;
;;;;;;;;X 22 MM STANLEY;;;;;;;;;;;;;;;;;;
;;;;;;;;;;;;;;;;;;;;;;;;;;
;;;;;;;09328-;DISCO DESBASTE 9 X 7/8 ;;P€;;;;;;0;;12,5;;;;3;;37,5;;
;;;;;;;;NORTON SUPER;;;;;;;;;;;;;;;;;;
;;;;;;;;;;;;;;;;;;;;;;;;;;
;;;;;;;09330-;DISCO DESBASTE 180 X 7/8 ;;P€;;;;;;0;;4;;;;2;;8;;
;;;;;;;;TYRDIT;;;;;;;;;;;;;;;;;;
;;;;;;;;;;;;;;;;;;;;;;;;;;
;;;;;;;10708-;DISCO DESBASTE ;;P€;;;;;;0;;79,81;;;;1;;79,81;;
;;;;;;;;DIAMANTADO SEGM. 115MM ;;;;;;;;;;;;;;;;;;
;;;;;;;;MTX;;;;;;;;;;;;;;;;;;
;;;;;;;;;;;;;;;;;;;;;;;;;;
;;;;;;;10709-;DISCO DESBASTE ;;P€;;;;;;0;;83,98;;;;1;;83,98;;
;;;;;;;;DIAMANTADO TURBO 115MM ;;;;;;;;;;;;;;;;;;
;;;;;;;;MTX;;;;;;;;;;;;;;;;;;
;;;;;;;;;;;;;;;;;;;;;;;;;;
;;;;;;;10715-;DISCO DESBASTE CLASSIC ;;P€;;;;;;0;;11,69;;;;474;;5541,06;;
;;;;;;;;BDA 600 180 X 6.4 X 22.23 MM;;;;;;;;;;;;;;;;;;
;;;;;;;;;;;;;;;;;;;;;;;;;;
;7,89179E+12;;;;;;12957-;DISCO DESBASTE SUPER BDA ;;P€;;;;;;0;;5,21;;;;3810;;19850,1;;
;;;;;;;;50 115 X 5.0 X 22.23 MM;;;;;;;;;;;;;;;;;;
;;;;Resumo de:;;ABRASIVOS:DISCO DESBASTE;;;;;;;Qtde Itens: ;;8927;;;;Total:;65170,77;;;;;;
;;;;;;;;;;;;;;;;;;;;;;;;;;
;;Categoria:;;;ABRASIVOS:DISCO FLAP;;;;;;;;;;;;;;;;;;;;;
;;;;;;;;;;;;;;;;;;;;;;;;;;
;7,89135E+12;;;;;;00912-;DISCO FLAP 4 1/2  G 40 ;;P€;;;;;;0;;4,91;;;;309;;1517,19;;
;;;;;;;;CLASSIC  NORTON;;;;;;;;;;;;;;;;;;
;;;;;;;;;;;;;;;;;;;;;;;;;;
;7,89135E+12;;;;;;00913-;DISCO FLAP 4 1/2  G 60 ;;P€;;;;;;0;;3,32;;;;480;;1593,6;;
;;;;;;;;BASIC - NORTON;;;;;;;;;;;;;;;;;;
;;;;;;;;;;;;;;;;;;;;;;;;;;
;7,89135E+12;;;;;;00914-;DISCO FLAP 4 1/2  G 80 ;;P€;;;;;;0;;4,91;;;;574;;2818,34;;
;;;;;;;;CLASSIC;;;;;;;;;;;;;;;;;;
;;;;;;;;;;;;;;;;;;;;;;;;;;
;7,89135E+12;;;;;;00915-;DISCO FLAP 4 1/2  G120 ;;P€;;;;;;0;;3,32;;;;715;;2373,8;;
;;;;;;;;CLASSIC;;;;;;;;;;;;;;;;;;
;;;;;;;;;;;;;;;;;;;;;;;;;;
;;;;;;;00916-;DISCO FLAP 7      G 36;;P€;;;;;;0;;0;;;;;;0;;
;;;;;;;;;;;;;;;;;;;;;;;;;;
;;;;;;;00917-;DISCO FLAP 7      G 40 ;;P€;;;;;;0;;18,97;;;;120;;2276,4;;
;;;;;;;;ORIGINAL;;;;;;;;;;;;;;;;;;
;;;;;;;;;;;;;;;;;;;;;;;;;;
;;;;;;;00918-;DISCO FLAP 7      G 60 ;;P€;;;;;;0;;18,15;;;;18;;326,7;;
;;;;;;;;NORTON;;;;;;;;;;;;;;;;;;
;;;;;;;;;;;;;;;;;;;;;;;;;;
;;;;;;;00919-;DISCO FLAP 7      G 80 ;;P€;;;;;;0;;15,86;;;;26;;412,36;;
;;;;;;;;ORIGINAL - NORTON;;;;;;;;;;;;;;;;;;
;;;;;;;;;;;;;;;;;;;;;;;;;;
;;;;;;;00920-;DISCO FLAP 7      G120;;P€;;;;;;0;;15,82;;;;75;;1186,5;;
;;;;;;;;;;;;;;;;;;;;;;;;;;
;;;;;;;06782-;DISCO FLAP 4 1/2  G120 ;;P€;;;;;;0;;4,82;;;;196;;944,72;;
;;;;;;;;ORIGINAL;;;;;;;;;;;;;;;;;;
;;;;;;;;;;;;;;;;;;;;;;;;;;
;;;;;;;07019-;DISCO FLAP 4 1/2  G 60  ;;P€;;;;;;0;;5,68;;;;;;0;;
;;;;;;;;STANLEY;;;;;;;;;;;;;;;;;;
;;;;;;;;;;;;;;;;;;;;;;;;;;
;;;;;;;07020-;DISCO FLAP 4 1/2  G 80 ;;P€;;;;;;0;;5,68;;;;;;0;;
;;;;;;;;STANLEY;;;;;;;;;;;;;;;;;;
;;;;;;;;;;;;;;;;;;;;;;;;;;
;;;;;;;07021-;DISCO FLAP 4 1/2  G 36 DIS-;;P€;;;;;;0;;0;;;;0;;0;;
;;;;;;;;FLEX;;;;;;;;;;;;;;;;;;
;;;;;;;;;;;;;;;;;;;;;;;;;;
;;;;;;;07022-;DISCO FLAP 7      G 80  ;;P€;;;;;;0;;0;;;;;;0;;
;;;;;;;;DEWALT;;;;;;;;;;;;;;;;;;
;;;;;;;;;;;;;;;;;;;;;;;;;;
;;;;;;;07023-;DISCO FLAP 7      G 36  DIS-;;P€;;;;;;0;;12;;;;-2;;-24;;
;;;;;;;;FLEX;;;;;;;;;;;;;;;;;;
;;;;;;;;;;;;;;;;;;;;;;;;;;
;;;;;;;07024-;DISCO FLAP 7      G120  ;;P€;;;;;;0;;0;;;;;;0;;
;;;;;;;;STANLEY;;;;;;;;;;;;;;;;;;
;;;;;;;;;;;;;;;;;;;;;;;;;;
;;;;;;;07025-;DISCO FLAP 7      G120   ;;P€;;;;;;0;;;;;;;;0;;
;;;;;;;;EVOLUTION;;;;;;;;;;;;;;;;;;
;;;;;;;;;;;;;;;;;;;;;;;;;;
;;;;;;;09057-;DISCO FLAP 7      G 60  ;;P€;;;;;;0;;13;;;;-1;;-13;;
;;;;;;;;TYROLIT;;;;;;;;;;;;;;;;;;
;;;;;;;;;;;;;;;;;;;;;;;;;;
;;;;;;;10337-;DISCO FLAP 4 1/2 X 40 ;;P€;;;;;;0;;6,69;;;;;;0;;
;;;;;;;;STARRET;;;;;;;;;;;;;;;;;;
;;;;;;;;;;;;;;;;;;;;;;;;;;
;;;;;;;10825-;DISCO FLAP 4 1/2  G 40 STD ;;P€;;;;;;0;;4,14;;;;42;;174,09;;
;;;;;;;;CISER;;;;;;;;;;;;;;;;;;
;;;;;;;;;;;;;;;;;;;;;;;;;;
;;;;;;;10826-;DISCO FLAP 4 1/2  G 60 STD ;;P€;;;;;;0;;4,14;;;;33;;136,78;;
;;;;;;;;CISER;;;;;;;;;;;;;;;;;;
;;;;;;;;;;;;;;;;;;;;;;;;;;
;;;;;;;10827-;DISCO FLAP 4 1/2  G 80 STD ;;P€;;;;;;0;;4,14;;;;23;;95,33;;
;;;;;;;;CISER;;;;;;;;;;;;;;;;;;
;;;;;;;;;;;;;;;;;;;;;;;;;;
;;;;;;;10828-;DISCO FLAP 4 1/2  G 120 STD ;;P€;;;;;;0;;4,14;;;;34;;140,93;;
;;;;;;;;CISER;;;;;;;;;;;;;;;;;;
;;;;;;;;;;;;;;;;;;;;;;;;;;
;7,89135E+12;;;;;;11192-;DISCO FLAP 4 1/2  G120 ;;P€;;;;;;0;;3,33;;;;81;;269,73;;
;;;;;;;;BASIC NORTON;;;;;;;;;;;;;;;;;;
;;;;;;;;;;;;;;;;;;;;;;;;;;
;7,89135E+12;;;;;;11193-;DISCO FLAP 4 1/2  G 80 BASIC;;P€;;;;;;0;;3,32;;;;379;;1258,28;;
;;;;;;;;;;;;;;;;;;;;;;;;;;
;;;;;;;11650-;DISCO FLAP 7      G 50 ;;P€;;;;;;0;;15,82;;;;3;;47,45;;
;;;;;;;;NORTON;;;;;;;;;;;;;;;;;;
;;;;;;;;;;;;;;;;;;;;;;;;;;
;7,89179E+12;;;;;;11706-;DISCO FLAP 4 1/2  G 50 ;;P€;;;;;;0;;9,26;;;;200;;1852;;
;;;;;;;;EVOLUTION  NORTON;;;;;;;;;;;;;;;;;;
;;;;;;;;;;;;;;;;;;;;;;;;;;
;;;;;;;11782-;DISCO FLAP 4 1/2  G 36 ;;P€;;;;;;0;;3,5;;;;30;;105;;
;;;;;;;;NORTON;;;;;;;;;;;;;;;;;;
;;;;;;;;;;;;;;;;;;;;;;;;;;
;7,89135E+12;;;;;;12220-;DISCO FLAP 4 1/2  G 40 ;;P€;;;;;;0;;3,32;;;;384;;1274,88;;
;;;;;;;;BASIC  NORTON;;;;;;;;;;;;;;;;;;
;;;;;;;;;;;;;;;;;;;;;;;;;;
;7,89996E+12;;;;;;12227-;DISCO REMOVEDOR 115MM X ;;UN;;;;;;0;;33,08;;;;-14;;-463,12;;
;;;;;;;;22.2MM - WORKER;;;;;;;;;;;;;;;;;;
;;;;;;;;;;;;;;;;;;;;;;;;;;
;;;;;;;12528-;DISCO FLAP 7      G 50 ;;P€;;;;;;0;;21,21;;;;106;;2248,26;;
;;;;;;;;EVOLUTION;;;;;;;;;;;;;;;;;;
;;;;;;;;;;;;;;;;;;;;;;;;;;
;7,5132E+11;;;;;;12529-;DISCO FLAP 4 1/2  G 60 ;;P€;;;;;;0;;2,6;;;;690;;1794;;
;;;;;;;;HEAVYDUT ;;;;;;;;;;;;;;;;;;
;;;;;;;;;;;;;;;;;;;;;;;;;;
;7,89135E+12;;;;;;12800-;DISCO FLAP 4 1/2  G 60  ;;P€;;;;;;0;;4,91;;;;848;;4163,68;;
;;;;;;;;CLASSIC;;;;;;;;;;;;;;;;;;
;;;;;;;;;;;;;;;;;;;;;;;;;;
;7,89135E+12;;;;;;12964-;DISCO FLAP 4 1/2  G 60 ;;P€;;;;;;0;;10,11;;;;200;;2022;;
;;;;;;;;EVOLUTION;;;;;;;;;;;;;;;;;;
;;;;;;;;;;;;;;;;;;;;;;;;;;
;;;;;;;13147-;DISCO FLAP 4.1/2 G60 ;;P€;;;;;;0;;8,25;;;;;;0;;
;;;;;;;;ORIGINAL;;;;;;;;;;;;;;;;;;
;;;;;;;;;;;;;;;;;;;;;;;;;;
;7,5132E+11;;;;;;13338-;DISCO FLAP 4 1/2  G 40 ;;P€;;;;;;0;;2,6;;;;210;;546;;
;;;;;;;;HEAVYDUT ;;;;;;;;;;;;;;;;;;
;;;;;;;;;;;;;;;;;;;;;;;;;;
;7,5132E+11;;;;;;13339-;DISCO FLAP 4 1/2  G 80 ;;P€;;;;;;0;;2,6;;;;220;;572;;
;;;;;;;;HEAVYDUT ;;;;;;;;;;;;;;;;;;
;;;;;;;;;;;;;;;;;;;;;;;;;;
;7,5132E+11;;;;;;13340-;DISCO FLAP 7  G 40 ;;P€;;;;;;0;;8,26;;;;170;;1404,2;;
;;;;;;;;HEAVYDUTY ;;;;;;;;;;;;;;;;;;
;;;;Resumo de:;;ABRASIVOS:DISCO FLAP;;;;;;;Qtde Itens: ;;6149;;;;Total:;31054,11;;;;;;
;;;;;;;;;;;;;;;;;;;;;;;;;;
;;Categoria:;;;ABRASIVOS:LIMA;;;;;;;;;;;;;;;;;;;;;
;;;;;;;;;;;;;;;;;;;;;;;;;;
;;;;;;;01115-;LIMA MEIA CANA M  8;;P€;;;;;;0;;16,7;;;;-1;;-16,7;;
;;;;;;;;;;;;;;;;;;;;;;;;;;
;;;;;;;01116-;LIMA CHATA B  6  C/ CABO;;P€;;;;;;0;;28,86;;;;-1;;-28,86;;
;;;;;;;;;;;;;;;;;;;;;;;;;;
;;;;;;;01117-;LIMA CHATA B  8  C/ CABO;;P€;;;;;;0;;0;;;;;;0;;
;;;;;;;;;;;;;;;;;;;;;;;;;;
;;;;;;;01118-;LIMA CHATA M  8  C/ CABO;;P€;;;;;;0;;0;;;;0;;0;;
;;;;;;;;;;;;;;;;;;;;;;;;;;
;;;;;;;01119-;LIMA MEIA CANA C/ CABO 10  ;;P€;;;;;;0;;0;;;;;;0;;
;;;;;;;;MEDIA;;;;;;;;;;;;;;;;;;
;;;;;;;;;;;;;;;;;;;;;;;;;;
;;;;;;;01120-;LIMA ROTATIVA CONICA 60G ;;P€;;;;;;0;;86,84;;;;;;0;;
;;;;;;;;12MM;;;;;;;;;;;;;;;;;;
;;;;;;;;;;;;;;;;;;;;;;;;;;
;;;;;;;01121-;LIMA TRIANGULAR P/ SERRA;;UN;;;;;;0;;0;;;;0;;0;;
;;;;;;;;;;;;;;;;;;;;;;;;;;
;;;;;;;05452-;CABO LIMA N2 110 MM;;P€;;;;;;0;;1,15;;;;16;;18,4;;
;;;;;;;;;;;;;;;;;;;;;;;;;;
;;;;;;;05453-;LIMA CHATA B 12;;P€;;;;;;0;;17,7;;;;6;;106,2;;
;;;;;;;;;;;;;;;;;;;;;;;;;;
;;;;;;;05454-;LIMA CHATA M 12;;P€;;;;;;0;;0;;;;0;;0;;
;;;;;;;;;;;;;;;;;;;;;;;;;;
;;;;;;;05655-;LIMA ROTATIVA GROSA ;;JG;;;;;;0;;16,7;;;;1;;16,7;;
;;;;;;;;5PCS JG;;;;;;;;;;;;;;;;;;
;;;;;;;;;;;;;;;;;;;;;;;;;;
;;;;;;;06071-;LIMA REDONDA B 10;;P€;;;;;;0;;11,7;;;;0;;0;;
;;;;;;;;;;;;;;;;;;;;;;;;;;
;;;;;;;06078-;LIMA TRIANGULAR  B  4 ;;UN;;;;;;0;;19,68;;;;6;;118,08;;
;;;;;;;;C/CABO;;;;;;;;;;;;;;;;;;
;;;;;;;;;;;;;;;;;;;;;;;;;;
;;;;;;;06540-;LIMA ROTATIVA CIL TOPO ;;P€;;;;;;0;;;;;;0;;0;;
;;;;;;;;ESFERICO;;;;;;;;;;;;;;;;;;
;;;;;;;;;;;;;;;;;;;;;;;;;;
;;;;;;;06541-;LIMA ROTATIVA ESFERICA   ;;P€;;;;;;0;;46,04;;;;;;0;;
;;;;;;;;10 MM;;;;;;;;;;;;;;;;;;
;;;;;;;;;;;;;;;;;;;;;;;;;;
;;;;;;;06542-;LIMA ROTATIVA CONICA C/ ;;P€;;;;;;0;;;;;;-2;;0;;
;;;;;;;;RAIO;;;;;;;;;;;;;;;;;;
;;;;;;;;;;;;;;;;;;;;;;;;;;
;;;;;;;06672-;LIMA MEIA CANA M 10;;P€;;;;;;0;;20,73;;;;1;;20,73;;
;;;;;;;;;;;;;;;;;;;;;;;;;;
;;;;;;;06710-;LIMA ROTATIVA CONICA 90G ;;P€;;;;;;0;;71,58;;;;2;;143,16;;
;;;;;;;;12 HTOM;;;;;;;;;;;;;;;;;;
;;;;;;;;;;;;;;;;;;;;;;;;;;
;;;;;;;06723-;LIMA ROTATIVA CIL PONTA ;;P€;;;;;;0;;;;;;;;0;;
;;;;;;;;RETA;;;;;;;;;;;;;;;;;;
;;;;;;;;;;;;;;;;;;;;;;;;;;
;;;;;;;06990-;LIMA FACA  M 10;;P€;;;;;;0;;20,48;;;;0;;0;;
;;;;;;;;;;;;;;;;;;;;;;;;;;
;;;;;;;07087-;LIMA CHATA B 10;;P€;;;;;;0;;48,52;;;;;;0;;
;;;;;;;;;;;;;;;;;;;;;;;;;;
;;;;;;;07766-;LIMA ROTATIVA CONICA ;;P€;;;;;;0;;59,46;;;;;;0;;
;;;;;;;;PONTA ESFERICA  10 MM;;;;;;;;;;;;;;;;;;
;;;;;;;;;;;;;;;;;;;;;;;;;;
;;;;;;;07969-;LIMA MEIA CANA B  8;;P€;;;;;;0;;12,7;;;;0;;0;;
;;;;;;;;;;;;;;;;;;;;;;;;;;
;;;;;;;07970-;LIMA MEIA CANA B 10;;P€;;;;;;0;;18,2;;;;2;;36,4;;
;;;;;;;;;;;;;;;;;;;;;;;;;;
;;;;;;;07971-;LIMA MEIA CANA B 12;;P€;;;;;;0;;26,7;;;;1;;26,7;;
;;;;;;;;;;;;;;;;;;;;;;;;;;
;;;;;;;07972-;LIMA MEIA CANA B  6;;P€;;;;;;0;;15,03;;;;0;;0;;
;;;;;;;;;;;;;;;;;;;;;;;;;;
;;;;;;;07973-;LIMA REDONDA B 12;;P€;;;;;;0;;17,04;;;;-1;;-17,04;;
;;;;;;;;;;;;;;;;;;;;;;;;;;
;;;;;;;07974-;LIMA REDONDA B  8;;P€;;;;;;0;;79,74;;;;1;;79,74;;
;;;;;;;;;;;;;;;;;;;;;;;;;;
;;;;;;;07975-;LIMA TRIANGULAR  B  8;;UN;;;;;;0;;10,7;;;;2;;21,4;;
;;;;;;;;;;;;;;;;;;;;;;;;;;
;;;;;;;07976-;LIMA TRIANGULAR  B 10;;UN;;;;;;0;;12;;;;5;;60;;
;;;;;;;;;;;;;;;;;;;;;;;;;;
;;;;;;;07977-;LIMA TRIANGULAR  B 12;;UN;;;;;;0;;12;;;;2;;24;;
;;;;;;;;;;;;;;;;;;;;;;;;;;
;;;;;;;07978-;LIMA TRIANGULAR  M 10;;UN;;;;;;0;;16;;;;3;;48;;
;;;;;;;;;;;;;;;;;;;;;;;;;;
;;;;;;;07979-;LIMA TRIANGULAR  M  8;;UN;;;;;;0;;15,2;;;;2;;30,4;;
;;;;;;;;;;;;;;;;;;;;;;;;;;
;;;;;;;07980-;LIMA TRIANGULAR  B  6;;UN;;;;;;0;;17,7;;;;0;;0;;
;;;;;;;;;;;;;;;;;;;;;;;;;;
;;;;;;;07981-;LIMA TRIANGULAR  M 12;;UN;;;;;;0;;16;;;;8;;128;;
;;;;;;;;;;;;;;;;;;;;;;;;;;
;;;;;;;07982-;LIMA QUADRADA M  6;;P€;;;;;;0;;9,7;;;;;;0;;
;;;;;;;;;;;;;;;;;;;;;;;;;;
;;;;;;;07983-;LIMA QUADRADA M 10;;P€;;;;;;0;;12;;;;2;;24;;
;;;;;;;;;;;;;;;;;;;;;;;;;;
;;;;;;;07984-;LIMA QUADRADA M 12;;P€;;;;;;0;;12;;;;10;;120;;
;;;;;;;;;;;;;;;;;;;;;;;;;;
;;;;;;;07985-;LIMA QUADRADA B  6;;P€;;;;;;0;;7,9;;;;0;;0;;
;;;;;;;;;;;;;;;;;;;;;;;;;;
;;;;;;;07986-;LIMA QUADRADA B 10;;P€;;;;;;0;;11,8;;;;10;;118;;
;;;;;;;;;;;;;;;;;;;;;;;;;;
;;;;;;;07987-;LIMA QUADRADA B 12;;P€;;;;;;0;;12;;;;21;;252;;
;;;;;;;;;;;;;;;;;;;;;;;;;;
;;;;;;;07988-;LIMA QUADRADA B 14;;P€;;;;;;0;;;;;;;;0;;
;;;;;;;;;;;;;;;;;;;;;;;;;;
;;;;;;;08282-;LIMA 12 PCS WORKER;;JG;;;;;;0;;46,6;;;;1;;46,6;;
;;;;;;;;;;;;;;;;;;;;;;;;;;
;;;;;;;08768-;LIMA AGULHA 12PCS 160MM ;;JG;;;;;;0;;30,41;;;;0;;0;;
;;;;;;;;BELTOOLS;;;;;;;;;;;;;;;;;;
;;;;;;;;;;;;;;;;;;;;;;;;;;
;;;;;;;09148-;LIMA MEIA CANA M 12;;P€;;;;;;0;;25;;;;0;;0;;
;;;;;;;;;;;;;;;;;;;;;;;;;;
;;;;;;;09171-;LIMA TRIANGULAR  M  6;;UN;;;;;;0;;13,25;;;;;;0;;
;;;;;;;;;;;;;;;;;;;;;;;;;;
;;;;;;;09172-;LIMA MEIA CANA M  6;;P€;;;;;;0;;61,1;;;;3;;183,3;;
;;;;;;;;;;;;;;;;;;;;;;;;;;
;;;;;;;09173-;LIMA CHATA B  6  S/ CABO;;P€;;;;;;0;;6,86;;;;-1;;-6,86;;
;;;;;;;;;;;;;;;;;;;;;;;;;;
;;;;;;;09174-;LIMA CHATA B  8  S/ CABO;;P€;;;;;;0;;11,36;;;;0;;0;;
;;;;;;;;;;;;;;;;;;;;;;;;;;
;;;;;;;09175-;LIMA CHATA M  6 C/ CABO ;;P€;;;;;;0;;28,91;;;;4;;115,64;;
;;;;;;;;NICHOLSON;;;;;;;;;;;;;;;;;;
;;;;;;;;;;;;;;;;;;;;;;;;;;
;;;;;;;09176-;LIMA CHATA M  8  S/ CABO;;P€;;;;;;0;;11;;;;;;0;;
;;;;;;;;;;;;;;;;;;;;;;;;;;
;;;;;;;09177-;LIMA CHATA M 10 S/ CABO;;P€;;;;;;0;;38,57;;;;;;0;;
;;;;;;;;;;;;;;;;;;;;;;;;;;
;;;;;;;09178-;LIMA MEIA CANA S/ CABO 8  ;;P€;;;;;;0;;13,25;;;;0;;0;;
;;;;;;;;GROSSA;;;;;;;;;;;;;;;;;;
;;;;;;;;;;;;;;;;;;;;;;;;;;
;;;;;;;09179-;LIMA MEIA CANA S/ CABO 10 ;;P€;;;;;;0;;16,45;;;;-1;;-16,45;;
;;;;;;;;GROSSA;;;;;;;;;;;;;;;;;;
;;;;;;;;;;;;;;;;;;;;;;;;;;
;;;;;;;09180-;LIMA MEIA CANA S/ CABO 12 ;;P€;;;;;;0;;29,83;;;;0;;0;;
;;;;;;;;GROSSA;;;;;;;;;;;;;;;;;;
;;;;;;;;;;;;;;;;;;;;;;;;;;
;;;;;;;09181-;LIMA QUADRADA B  8;;P€;;;;;;0;;11,84;;;;0;;0;;
;;;;;;;;;;;;;;;;;;;;;;;;;;
;;;;;;;09182-;LIMA REDONDA B  6;;P€;;;;;;0;;9,05;;;;;;0;;
;;;;;;;;;;;;;;;;;;;;;;;;;;
;;;;;;;09183-;LIMA REDONDA M 6;;P€;;;;;;0;;10,88;;;;;;0;;
;;;;;;;;;;;;;;;;;;;;;;;;;;
;;;;;;;09184-;LIMA REDONDA M 8;;P€;;;;;;0;;13,49;;;;0;;0;;
;;;;;;;;;;;;;;;;;;;;;;;;;;
;;;;;;;09232-;LIMA REDONDA M 10;;P€;;;;;;0;;16,45;;;;-1;;-16,45;;
;;;;;;;;;;;;;;;;;;;;;;;;;;
;;;;;;;10245-;LIMA TRIANGULAR  DELGADA ;;UN;;;;;;0;;12,66;;;;10;;126,6;;
;;;;;;;;6 POL;;;;;;;;;;;;;;;;;;
;;;;;;;;;;;;;;;;;;;;;;;;;;
;;;;;;;10246-;LIMA FACA  6 POL;;P€;;;;;;0;;20,48;;;;9;;184,32;;
;;;;;;;;;;;;;;;;;;;;;;;;;;
;;;;;;;10247-;LIMA CHATA MURCA 6 POL;;P€;;;;;;0;;0;;;;6;;0;;
;;;;;;;;;;;;;;;;;;;;;;;;;;
;;;;;;;10518-;LIMA AGULHA DIAMANTADA ;;JG;;;;;;0;;27,05;;;;0;;0;;
;;;;;;;;140 X 70MM  5PCS JG;;;;;;;;;;;;;;;;;;
;;;;;;;;;;;;;;;;;;;;;;;;;;
;;;;;;;10920-;LIMA ROTATIVA CIL HTOM 06 ;;P€;;;;;;0;;37,84;;;;2;;75,68;;
;;;;;;;;X 16;;;;;;;;;;;;;;;;;;
;;;;;;;;;;;;;;;;;;;;;;;;;;
;;;;;;;10921-;LIMA ROTATIVA CIL HTOM 08 ;;P€;;;;;;0;;52,12;;;;5;;260,6;;
;;;;;;;;X 20;;;;;;;;;;;;;;;;;;
;;;;;;;;;;;;;;;;;;;;;;;;;;
;;;;;;;10922-;LIMA ROTATIVA CIL HTOM 10 ;;P€;;;;;;0;;71,3;;;;15;;1069,5;;
;;;;;;;;X 20;;;;;;;;;;;;;;;;;;
;;;;;;;;;;;;;;;;;;;;;;;;;;
;;;;;;;10923-;LIMA ROTATIVA CIL HTOM 12 ;;P€;;;;;;0;;98,03;;;;4;;392,12;;
;;;;;;;;X 25;;;;;;;;;;;;;;;;;;
;;;;;;;;;;;;;;;;;;;;;;;;;;
;;;;;;;10924-;LIMA ROTATIVA OVAL HTOM ;;P€;;;;;;0;;51;;;;6;;306;;
;;;;;;;;10 X 16 X 61;;;;;;;;;;;;;;;;;;
;;;;;;;;;;;;;;;;;;;;;;;;;;
;;;;;;;10928-;LIMA ROTATIVA CIL HTOM ;;P€;;;;;;0;;47,13;;;;0;;0;;
;;;;;;;;TOPO ESFERICO 08 X 20;;;;;;;;;;;;;;;;;;
;;;;;;;;;;;;;;;;;;;;;;;;;;
;;;;;;;10929-;LIMA ROTATIVA CIL HTOM ;;P€;;;;;;0;;62,68;;;;1;;62,68;;
;;;;;;;;TOPO ESFERICO 10 X 20;;;;;;;;;;;;;;;;;;
;;;;;;;;;;;;;;;;;;;;;;;;;;
;;;;;;;10930-;LIMA ROTATIVA CIL HTOM ;;P€;;;;;;0;;97,95;;;;1;;97,95;;
;;;;;;;;TOPO ESFERICO 12 X 25;;;;;;;;;;;;;;;;;;
;;;;;;;;;;;;;;;;;;;;;;;;;;
;;;;;;;11083-;JG LIMA C/CABO 6PCS ;;P€;;;;;;0;;28,17;;;;1;;28,17;;
;;;;;;;;WORKER;;;;;;;;;;;;;;;;;;
;;;;;;;;;;;;;;;;;;;;;;;;;;
;;;;;;;11090-;LIMA ROTATIVA ;;P€;;;;;;0;;65,01;;;;-3;;-195,03;;
;;;;;;;;ARVORE10X20X6 MM ;;;;;;;;;;;;;;;;;;
;;;;;;;;WORKER;;;;;;;;;;;;;;;;;;
;;;;;;;;;;;;;;;;;;;;;;;;;;
;;;;;;;11091-;LIMA ROTATIVA CILINDRICA ;;P€;;;;;;0;;78,37;;;;0;;0;;
;;;;;;;;10X20X6 MM CS WORKER;;;;;;;;;;;;;;;;;;
;;;;;;;;;;;;;;;;;;;;;;;;;;
;;;;;;;11092-;LIMA ROTATIVA CILINDRICA ;;P€;;;;;;0;;75,7;;;;1;;75,7;;
;;;;;;;;10X20X6 MM QS WORKER;;;;;;;;;;;;;;;;;;
;;;;;;;;;;;;;;;;;;;;;;;;;;
;;;;;;;11093-;LIMA ROTATIVA CONICA ;;P€;;;;;;0;;48,09;;;;0;;0;;
;;;;;;;;10X20X6 MM WORKER;;;;;;;;;;;;;;;;;;
;;;;;;;;;;;;;;;;;;;;;;;;;;
;;;;;;;11094-;LIMA ROTATIVA CONICA ;;P€;;;;;;0;;60,56;;;;2;;121,12;;
;;;;;;;;10X25X6 MM WORKER;;;;;;;;;;;;;;;;;;
;;;;;;;;;;;;;;;;;;;;;;;;;;
;;;;;;;11095-;LIMA ROTATIVA ESFERICA ;;P€;;;;;;0;;44,22;;;;1;;44,22;;
;;;;;;;;10X9X6 WORKER;;;;;;;;;;;;;;;;;;
;;;;;;;;;;;;;;;;;;;;;;;;;;
;7,89165E+12;;;;;;11359-;LIMA CHATA B 10 C/ CABO ;;P€;;;;;;0;;55,33;;;;2;;110,66;;
;;;;;;;;NICHOLSON;;;;;;;;;;;;;;;;;;
;;;;;;;;;;;;;;;;;;;;;;;;;;
;;;;;;;11360-;LIMA MEIA CANA B 10 C/ ;;P€;;;;;;0;;73,58;;;;1;;73,58;;
;;;;;;;;CABO K&F;;;;;;;;;;;;;;;;;;
;;;;;;;;;;;;;;;;;;;;;;;;;;
;;;;;;;11361-;LIMA REDONDA B 10 C/ CABO ;;P€;;;;;;0;;37,78;;;;1;;37,78;;
;;;;;;;;K&F;;;;;;;;;;;;;;;;;;
;;;;;;;;;;;;;;;;;;;;;;;;;;
;7,89165E+12;;;;;;11406-;LIMA MEIA CANA M  8 ;;P€;;;;;;0;;72,6;;;;4;;290,4;;
;;;;;;;;NICHOLSON;;;;;;;;;;;;;;;;;;
;;;;;;;;;;;;;;;;;;;;;;;;;;
;7,89165E+12;;;;;;11407-;LIMA CHATA M  8  NICHOLSON;;P€;;;;;;0;;35,14;;;;5;;175,7;;
;;;;;;;;;;;;;;;;;;;;;;;;;;
;;;;;;;11457-;LIMA ROTATIVA CIL HTOM 10 ;;P€;;;;;;0;;54,67;;;;0;;0;;
;;;;;;;;X 25;;;;;;;;;;;;;;;;;;
;;;;;;;;;;;;;;;;;;;;;;;;;;
;;;;;;;11736-;LIMA CHATA M  10 C/CABO  ;;P€;;;;;;0;;42,6;;;;-1;;-42,6;;
;;;;;;;;NICHOLSON;;;;;;;;;;;;;;;;;;
;;;;;;;;;;;;;;;;;;;;;;;;;;
;;;;;;;12596-;LIMA ROTATIVA ARVORE ;;P€;;;;;;0;;44,22;;;;0;;0;;
;;;;;;;;ARREDONDADA 12 MM ;;;;;;;;;;;;;;;;;;
;;;;;;;;ROCAST;;;;;;;;;;;;;;;;;;
;;;;;;;;;;;;;;;;;;;;;;;;;;
;;;;;;;12904-;KIT LIMA MECANICA MURCA ;;UN;;;;;;0;;138,15;;;;0;;0;;
;;;;;;;;10PCS 140MM;;;;;;;;;;;;;;;;;;
;;;;;;;;;;;;;;;;;;;;;;;;;;
;;;;;;;13101-;LIMA ROTATIVA ESFERICA   ;;P€;;;;;;0;;75,15;;;;2;;150,3;;
;;;;;;;;12 MM HTOM;;;;;;;;;;;;;;;;;;
;;;;;;;;;;;;;;;;;;;;;;;;;;
;7,89845E+12;;;;;;13373-;LIMA ROTATIVA ARVORE ;;P€;;;;;;0;;55,16;;;;0;;0;;
;;;;;;;;ARREDONDADA 12X25 HTOM;;;;;;;;;;;;;;;;;;
;;;;;;;;;;;;;;;;;;;;;;;;;;
;;;;;;;13374-;LIMA ROTATIVA CIL HTOM ;;P€;;;;;;0;;69,44;;;;0;;0;;
;;;;;;;;CORTE TOPO 12 X 25;;;;;;;;;;;;;;;;;;
;;;;;;;;;;;;;;;;;;;;;;;;;;
;;;;;;;13511-;LIMA ROTATIVA CONICA ;;P€;;;;;;0;;102,79;;;;1;;102,79;;
;;;;;;;;PONTA ESFERICA  12 MM;;;;;;;;;;;;;;;;;;
;;;;;;;;;;;;;;;;;;;;;;;;;;
;;;;;;;13535-;LIMA MEIA CANA M  4 C/ ;;P€;;;;;;0;;61,1;;;;;;0;;
;;;;;;;;CABO;;;;;;;;;;;;;;;;;;
;;;;Resumo de:;;ABRASIVOS:LIMA;;;;;;;Qtde Itens: ;;177;;;;Total:;5183,33;;;;;;
;;;;;;;;;;;;;;;;;;;;;;;;;;
;;Categoria:;;;ABRASIVOS:REBOLO;;;;;;;;;;;;;;;;;;;;;
;;;;;;;;;;;;;;;;;;;;;;;;;;
;;;;;;;04902-;REBOLO ACO  2 X 1 1/2;;P€;;;;;;0;;0;;;;;;0;;
;;;;;;;;;;;;;;;;;;;;;;;;;;
;;;;;;;04904-;REBOLO ACO  6 X 3/4    A24 ;;P€;;;;;;0;;24,11;;;;0;;0;;
;;;;;;;;TELSTAR;;;;;;;;;;;;;;;;;;
;;;;;;;;;;;;;;;;;;;;;;;;;;
;;;;;;;04905-;REBOLO ACO  6 X 3/4    A46 ;;P€;;;;;;0;;24,11;;;;-2;;-48,22;;
;;;;;;;;TELSTAR;;;;;;;;;;;;;;;;;;
;;;;;;;;;;;;;;;;;;;;;;;;;;
;;;;;;;04906-;REBOLO ACO  6 X 3/4    A60 ;;P€;;;;;;0;;24,11;;;;-2;;-48,22;;
;;;;;;;;TELSTAR;;;;;;;;;;;;;;;;;;
;;;;;;;;;;;;;;;;;;;;;;;;;;
;;;;;;;04907-;REBOLO ACO  8 X 1      A24 ;;P€;;;;;;0;;0;;;;0;;0;;
;;;;;;;;TELSTAR;;;;;;;;;;;;;;;;;;
;;;;;;;;;;;;;;;;;;;;;;;;;;
;;;;;;;04908-;REBOLO ACO  6 X 1      A36 ;;P€;;;;;;0;;0;;;;;;0;;
;;;;;;;;TELSTAR;;;;;;;;;;;;;;;;;;
;;;;;;;;;;;;;;;;;;;;;;;;;;
;;;;;;;04909-;REBOLO ACO  8 X 1      A46 ;;P€;;;;;;0;;45;;;;1;;45;;
;;;;;;;;TELSTAR;;;;;;;;;;;;;;;;;;
;;;;;;;;;;;;;;;;;;;;;;;;;;
;;;;;;;04910-;REBOLO ACO  8 X 1      A60 ;;P€;;;;;;0;;0;;;;;;0;;
;;;;;;;;TELSTAR;;;;;;;;;;;;;;;;;;
;;;;;;;;;;;;;;;;;;;;;;;;;;
;;;;;;;04911-;REBOLO ACO 12 X 1 1/2  A60;;P€;;;;;;0;;0;;;;;;0;;
;;;;;;;;;;;;;;;;;;;;;;;;;;
;;;;;;;04912-;REBOLO VIDEA BRANCO   6 X ;;P€;;;;;;0;;0;;;;;;0;;
;;;;;;;;3/4    A80;;;;;;;;;;;;;;;;;;
;;;;;;;;;;;;;;;;;;;;;;;;;;
;;;;;;;04913-;REBOLO VIDEA BRANCO   8 X ;;P€;;;;;;0;;0;;;;;;0;;
;;;;;;;;1      A60;;;;;;;;;;;;;;;;;;
;;;;;;;;;;;;;;;;;;;;;;;;;;
;;;;;;;04914-;REBOLO VIDEA BRANCO ;;P€;;;;;;0;;0;;;;;;0;;
;;;;;;;;COPO 152.4 X 76.2 X 31.8   ;;;;;;;;;;;;;;;;;;
;;;;;;;;A60;;;;;;;;;;;;;;;;;;
;;;;;;;;;;;;;;;;;;;;;;;;;;
;;;;;;;04915-;REBOLO VIDEA VERDE    6 X ;;P€;;;;;;0;;32,15;;;;0;;0;;
;;;;;;;;3/4   A80;;;;;;;;;;;;;;;;;;
;;;;;;;;;;;;;;;;;;;;;;;;;;
;;;;;;;04916-;REDUCAO REBOLO        1 1/4 ;;PR;;;;;;0;;0;;;;;;0;;
;;;;;;;;X 3/4;;;;;;;;;;;;;;;;;;
;;;;;;;;;;;;;;;;;;;;;;;;;;
;;;;;;;04917-;REDUCAO REBOLO        1 1/4 ;;PR;;;;;;0;;0;;;;-7;;0;;
;;;;;;;;X 5/8;;;;;;;;;;;;;;;;;;
;;;;;;;;;;;;;;;;;;;;;;;;;;
;;;;;;;08043-;REBOLO ACO 12 X 1 1/2  A46 ;;P€;;;;;;0;;;;;;;;0;;
;;;;;;;;NORTON;;;;;;;;;;;;;;;;;;
;;;;;;;;;;;;;;;;;;;;;;;;;;
;;;;;;;08050-;REBOLO ACO  2 X  1/2 X 1/2 ;;P€;;;;;;0;;0;;;;;;0;;
;;;;;;;;1000 KITS;;;;;;;;;;;;;;;;;;
;;;;;;;;;;;;;;;;;;;;;;;;;;
;;;;;;;08051-;REBOLO ACO  3 X 1/2 X 1/2 ;;P€;;;;;;0;;0;;;;;;0;;
;;;;;;;;1000 KITS;;;;;;;;;;;;;;;;;;
;;;;;;;;;;;;;;;;;;;;;;;;;;
;;;;;;;09326-;REBOLO ACO  6 X 1/2 X 1 1/4  ;;PR;;;;;;0;;30;;;;7;;210;;
;;;;;;;;NORTON;;;;;;;;;;;;;;;;;;
;;;;;;;;;;;;;;;;;;;;;;;;;;
;;;;;;;09343-;REBOLO ACO 10 X 1 X 1 1/2  ;;PR;;;;;;0;;99;;;;1;;99;;
;;;;;;;;NORTON;;;;;;;;;;;;;;;;;;
;;;;;;;;;;;;;;;;;;;;;;;;;;
;;;;;;;09528-;REBOLO VIDEA VERDE    6 X ;;P€;;;;;;0;;32,15;;;;-3;;-96,45;;
;;;;;;;;3/4   A100;;;;;;;;;;;;;;;;;;
;;;;;;;;;;;;;;;;;;;;;;;;;;
;;;;;;;09900-;REBOLO ACO  6 X 3/4  X1.1/4 ;;P€;;;;;;0;;19,08;;;;;;0;;
;;;;;;;;FINO WORKER;;;;;;;;;;;;;;;;;;
;;;;;;;;;;;;;;;;;;;;;;;;;;
;;;;;;;09901-;REBOLO ACO  6 X 3/4  X1.1/4 ;;P€;;;;;;0;;19,08;;;;;;0;;
;;;;;;;;MEDIO WORKER;;;;;;;;;;;;;;;;;;
;;;;;;;;;;;;;;;;;;;;;;;;;;
;;;;;;;10540-;REBOLO ACO  6 X 3/4    A120 ;;P€;;;;;;0;;36,99;;;;0;;0;;
;;;;;;;;TELSTAR;;;;;;;;;;;;;;;;;;
;;;;;;;;;;;;;;;;;;;;;;;;;;
;;;;;;;10595-;REBOLO VIDEA  6 X 3/4   A80 ;;P€;;;;;;0;;36,99;;;;2;;73,98;;
;;;;;;;;TELSTAR;;;;;;;;;;;;;;;;;;
;;;;;;;;;;;;;;;;;;;;;;;;;;
;;;;;;;10596-;REBOLO VIDEA  6 X 3/4   ;;P€;;;;;;0;;36,99;;;;-3;;-110,97;;
;;;;;;;;A100 TELSTAR;;;;;;;;;;;;;;;;;;
;;;;;;;;;;;;;;;;;;;;;;;;;;
;;;;;;;10888-;REBOLO RETO 10 X 25.4 X ;;P€;;;;;;0;;134,92;;;;0;;0;;
;;;;;;;;38.1   G60 NORTON;;;;;;;;;;;;;;;;;;
;;;;;;;;;;;;;;;;;;;;;;;;;;
;7,89901E+12;;;;;;12632-;REBOLO COPO CONICO 4 ;;PR;;;;;;0;;44,23;;;;6;;265,38;;
;;;;;;;;GR36 - WORKER;;;;;;;;;;;;;;;;;;
;;;;;;;;;;;;;;;;;;;;;;;;;;
;7,89968E+12;;;;;;12633-;REBOLO DIAMANTADO ;;PR;;;;;;0;;123,04;;;;0;;0;;
;;;;;;;;115MM M14 - WORKER;;;;;;;;;;;;;;;;;;
;;;;;;;;;;;;;;;;;;;;;;;;;;
;;;;;;;12714-;REBOLO DIAMANTADO ;;PR;;;;;;0;;79,69;;;;0;;0;;
;;;;;;;;115MM M14 - KALA;;;;;;;;;;;;;;;;;;
;;;;;;;;;;;;;;;;;;;;;;;;;;
;7,89845E+12;;;;;;12751-;REBOLO PRATO ;;PC;;;;;;;;50,94;;;;5;;254,7;;
;;;;;;;;DIAMANTADO C/ROSCA ;;;;;;;;;;;;;;;;;;
;;;;;;;;100MM X 14MM HTOM;;;;;;;;;;;;;;;;;;
;;;;;;;;;;;;;;;;;;;;;;;;;;
;;;;;;;12803-;REBOLO COPO BRANCO ;;PR;;;;;;0;;205,57;;;;0;;0;;
;;;;;;;;152.4 X 76.2 X 31.75  NORTON;;;;;;;;;;;;;;;;;;
;;;;;;;;;;;;;;;;;;;;;;;;;;
;;;;;;;12875-;REBOLO COPO 101.6 X 50.8 X ;;P€;;;;;;0;;102,17;;;;0;;0;;
;;;;;;;;31.75  G60 NORTON;;;;;;;;;;;;;;;;;;
;;;;;;;;;;;;;;;;;;;;;;;;;;
;7,89135E+12;;;;;;13209-;REBOLO ACO  6 X 3/4    A24  ;;PC;;;;;;0;;32,2;;;;6;;193,2;;
;;;;;;;;NORTON;;;;;;;;;;;;;;;;;;
;;;;;;;;;;;;;;;;;;;;;;;;;;
;7,89532E+12;;;;;;13210-;REBOLO ACO  6 X 3/4    A36  ;;PC;;;;;;0;;32,2;;;;5;;161;;
;;;;;;;;NORTON;;;;;;;;;;;;;;;;;;
;;;;;;;;;;;;;;;;;;;;;;;;;;
;7,89135E+12;;;;;;13211-;REBOLO ACO  6 X 3/4    A46  ;;PC;;;;;;0;;32,2;;;;5;;161;;
;;;;;;;;NORTON;;;;;;;;;;;;;;;;;;
;;;;;;;;;;;;;;;;;;;;;;;;;;
;7,89135E+12;;;;;;13212-;REBOLO ACO  6 X 3/4    A60  ;;PC;;;;;;0;;32,2;;;;4;;128,8;;
;;;;;;;;NORTON;;;;;;;;;;;;;;;;;;
;;;;;;;;;;;;;;;;;;;;;;;;;;
;7,89135E+12;;;;;;13213-;REBOLO ACO  6 X 1    A24  ;;PC;;;;;;0;;37,19;;;;5;;185,95;;
;;;;;;;;NORTON;;;;;;;;;;;;;;;;;;
;;;;;;;;;;;;;;;;;;;;;;;;;;
;7,89135E+12;;;;;;13214-;REBOLO ACO  6 X 1    A36  ;;PC;;;;;;0;;37,19;;;;4;;148,76;;
;;;;;;;;NORTON;;;;;;;;;;;;;;;;;;
;;;;;;;;;;;;;;;;;;;;;;;;;;
;7,89135E+12;;;;;;13215-;REBOLO ACO  6 X 1    A46  ;;PC;;;;;;0;;37,19;;;;4;;148,76;;
;;;;;;;;NORTON;;;;;;;;;;;;;;;;;;
;;;;;;;;;;;;;;;;;;;;;;;;;;
;7,89135E+12;;;;;;13216-;REBOLO ACO  6 X 1    A60  ;;PC;;;;;;0;;37,19;;;;6;;223,14;;
;;;;;;;;NORTON;;;;;;;;;;;;;;;;;;
;;;;;;;;;;;;;;;;;;;;;;;;;;
;7,89135E+12;;;;;;13217-;REBOLO VIDEA VERDE  6 X ;;PC;;;;;;0;;42,89;;;;6;;257,34;;
;;;;;;;;3/4    G.60  NORTON;;;;;;;;;;;;;;;;;;
;;;;;;;;;;;;;;;;;;;;;;;;;;
;7,89135E+12;;;;;;13218-;REBOLO VIDEA VERDE  6 X ;;PC;;;;;;0;;42,89;;;;5;;214,45;;
;;;;;;;;3/4    G.80  NORTON;;;;;;;;;;;;;;;;;;
;;;;;;;;;;;;;;;;;;;;;;;;;;
;7,89135E+12;;;;;;13219-;REBOLO VIDEA VERDE  6 X ;;PC;;;;;;0;;42,89;;;;5;;214,45;;
;;;;;;;;3/4    G.100  NORTON;;;;;;;;;;;;;;;;;;
;;;;;;;;;;;;;;;;;;;;;;;;;;
;7,89135E+12;;;;;;13220-;REBOLO VIDEA VERDE  6 X ;;PC;;;;;;0;;42,89;;;;6;;257,34;;
;;;;;;;;3/4    G.120  NORTON;;;;;;;;;;;;;;;;;;
;;;;;;;;;;;;;;;;;;;;;;;;;;
;7,89135E+12;;;;;;13225-;REBOLO VIDEA VERDE  6 X 1  ;;PC;;;;;;0;;49,55;;;;6;;297,3;;
;;;;;;;;  G.60  NORTON;;;;;;;;;;;;;;;;;;
;;;;;;;;;;;;;;;;;;;;;;;;;;
;7,89135E+12;;;;;;13226-;REBOLO VIDEA VERDE  6 X 1  ;;PC;;;;;;0;;49,55;;;;6;;297,3;;
;;;;;;;;  G.80  NORTON;;;;;;;;;;;;;;;;;;
;;;;;;;;;;;;;;;;;;;;;;;;;;
;7,89135E+12;;;;;;13227-;REBOLO VIDEA VERDE  6 X 1  ;;PC;;;;;;0;;49,55;;;;4;;198,2;;
;;;;;;;;  G.120  NORTON;;;;;;;;;;;;;;;;;;
;;;;;;;;;;;;;;;;;;;;;;;;;;
;;;;;;;13251-;REBOLO ACO  8 X 1 x 1 1/4     ;;P€;;;;;;0;;100;;;;;;0;;
;;;;;;;;  A46  NORTON ;;;;;;;;;;;;;;;;;;
;;;;;;;;;;;;;;;;;;;;;;;;;;
;7,9085E+12;;;;;;13258-;REBOLO DIAMANTADO ;;P€;;;;;;0;;33,6;;;;15;;504;;
;;;;;;;;115MM M14 LISO G60 VILA;;;;;;;;;;;;;;;;;;
;;;;;;;;;;;;;;;;;;;;;;;;;;
;7,89968E+12;;;;;;13397-;REBOLO COPO CONICO 4 ;;PR;;;;;;0;;43,92;;;;4;;175,68;;
;;;;;;;;GR120 - WORKER;;;;;;;;;;;;;;;;;;
;;;;;;;;;;;;;;;;;;;;;;;;;;
;7,89968E+12;;;;;;13399-;REBOLO COPO CONICO 4 ;;PR;;;;;;0;;44,14;;;;5;;220,7;;
;;;;;;;;GR60 - WORKER;;;;;;;;;;;;;;;;;;
;;;;;;;;;;;;;;;;;;;;;;;;;;
;;;;;;;13503-;REBOLO DIAMANTADO ;;P€;;;;;;0;;70,6;;;;0;;0;;
;;;;;;;;180MM M14 TURBO VILA;;;;;;;;;;;;;;;;;;
;;;;Resumo de:;;ABRASIVOS:REBOLO;;;;;;;Qtde Itens: ;;106;;;;Total:;4631,58;;;;;;
;;;;;;;;;;;;;;;;;;;;;;;;;;
;;Categoria:;;;ABRASIVOS:PONTA MONTADA;;;;;;;;;;;;;;;;;;;;;
;;;;;;;;;;;;;;;;;;;;;;;;;;
;;;;;;;04547-;PONTA MONTADA A- 1;;P€;;;;;;0;;4,55;;;;39;;177,45;;
;;;;;;;;;;;;;;;;;;;;;;;;;;
;;;;;;;04548-;PONTA MONTADA A- 2;;P€;;;;;;0;;2,59;;;;44;;113,96;;
;;;;;;;;;;;;;;;;;;;;;;;;;;
;;;;;;;04549-;PONTA MONTADA A- 3;;P€;;;;;;0;;5,26;;;;28;;147,28;;
;;;;;;;;;;;;;;;;;;;;;;;;;;
;;;;;;;04550-;PONTA MONTADA A- 4;;P€;;;;;;0;;3,46;;;;38;;131,48;;
;;;;;;;;;;;;;;;;;;;;;;;;;;
;;;;;;;04551-;PONTA MONTADA A- 5;;P€;;;;;;0;;2,59;;;;-3;;-7,77;;
;;;;;;;;;;;;;;;;;;;;;;;;;;
;;;;;;;04552-;PONTA MONTADA A- 6;;P€;;;;;;0;;2,59;;;;46;;119,14;;
;;;;;;;;;;;;;;;;;;;;;;;;;;
;;;;;;;04553-;PONTA MONTADA A-11  ;;P€;;;;;;0;;3,29;;;;-1;;-3,29;;
;;;;;;;;ALCAR;;;;;;;;;;;;;;;;;;
;;;;;;;;;;;;;;;;;;;;;;;;;;
;;;;;;;04554-;PONTA MONTADA A-12;;P€;;;;;;0;;3,49;;;;-2;;-6,98;;
;;;;;;;;;;;;;;;;;;;;;;;;;;
;;;;;;;04555-;PONTA MONTADA A-13;;P€;;;;;;0;;4,3;;;;0;;0;;
;;;;;;;;;;;;;;;;;;;;;;;;;;
;;;;;;;04556-;PONTA MONTADA A-14;;P€;;;;;;0;;3,66;;;;6;;21,96;;
;;;;;;;;;;;;;;;;;;;;;;;;;;
;;;;;;;04557-;PONTA MONTADA A-15;;P€;;;;;;0;;4,8;;;;5;;24;;
;;;;;;;;;;;;;;;;;;;;;;;;;;
;;;;;;;04558-;PONTA MONTADA A-21;;P€;;;;;;0;;4,04;;;;8;;32,32;;
;;;;;;;;;;;;;;;;;;;;;;;;;;
;;;;;;;04559-;PONTA MONTADA A-22;;P€;;;;;;0;;1,76;;;;47;;82,72;;
;;;;;;;;;;;;;;;;;;;;;;;;;;
;;;;;;;04560-;PONTA MONTADA A-23;;P€;;;;;;0;;4,04;;;;3;;12,12;;
;;;;;;;;;;;;;;;;;;;;;;;;;;
;7,89938E+12;;;;;;04561-;PONTA MONTADA A-24;;P€;;;;;;0;;4,13;;;;13;;53,69;;
;;;;;;;;;;;;;;;;;;;;;;;;;;
;;;;;;;04562-;PONTA MONTADA A-25;;P€;;;;;;0;;3,92;;;;4;;15,68;;
;;;;;;;;;;;;;;;;;;;;;;;;;;
;;;;;;;04563-;PONTA MONTADA A-26;;P€;;;;;;0;;3,19;;;;-3;;-9,57;;
;;;;;;;;;;;;;;;;;;;;;;;;;;
;;;;;;;04564-;PONTA MONTADA A-31;;P€;;;;;;0;;3,87;;;;0;;0;;
;;;;;;;;;;;;;;;;;;;;;;;;;;
;;;;;;;04565-;PONTA MONTADA A-32;;P€;;;;;;0;;0;;;;-1;;0;;
;;;;;;;;;;;;;;;;;;;;;;;;;;
;;;;;;;04566-;PONTA MONTADA A-33;;P€;;;;;;0;;0;;;;;;0;;
;;;;;;;;;;;;;;;;;;;;;;;;;;
;;;;;;;04567-;PONTA MONTADA A-34;;P€;;;;;;0;;1,76;;;;50;;88;;
;;;;;;;;;;;;;;;;;;;;;;;;;;
;;;;;;;04568-;PONTA MONTADA A-35;;P€;;;;;;0;;0;;;;;;0;;
;;;;;;;;;;;;;;;;;;;;;;;;;;
;;;;;;;04569-;PONTA MONTADA A-36;;P€;;;;;;0;;0;;;;0;;0;;
;;;;;;;;;;;;;;;;;;;;;;;;;;
;;;;;;;04570-;PONTA MONTADA A-37;;P€;;;;;;0;;0;;;;87;;0;;
;;;;;;;;;;;;;;;;;;;;;;;;;;
;;;;;;;04571-;PONTA MONTADA A-38;;P€;;;;;;0;;4,89;;;;1;;4,89;;
;;;;;;;;;;;;;;;;;;;;;;;;;;
;;;;;;;04572-;PONTA MONTADA A-39;;P€;;;;;;0;;3,96;;;;1;;3,96;;
;;;;;;;;;;;;;;;;;;;;;;;;;;
;;;;;;;04573-;PONTA MONTADA A-40;;P€;;;;;;0;;0;;;;11;;0;;
;;;;;;;;;;;;;;;;;;;;;;;;;;
;;;;;;;05216-;PONTA MONTADA INOX A- 5;;P€;;;;;;0;;0;;;;0;;0;;
;;;;;;;;;;;;;;;;;;;;;;;;;;
;;;;;;;05217-;PONTA MONTADA INOX A- 11;;P€;;;;;;0;;0;;;;0;;0;;
;;;;;;;;;;;;;;;;;;;;;;;;;;
;;;;;;;05218-;PONTA MONTADA INOX A- 31;;P€;;;;;;0;;0;;;;;;0;;
;;;;;;;;;;;;;;;;;;;;;;;;;;
;;;;;;;09465-;PONTA MONTADA B-70;;P€;;;;;;0;;2;;;;65;;130;;
;;;;;;;;;;;;;;;;;;;;;;;;;;
;;;;;;;09466-;PONTA MONTADA B-52;;P€;;;;;;0;;2,83;;;;106;;299,98;;
;;;;;;;;;;;;;;;;;;;;;;;;;;
;;;;;;;09467-;PONTA MONTADA B-53;;P€;;;;;;0;;2;;;;3;;6;;
;;;;;;;;;;;;;;;;;;;;;;;;;;
;;;;;;;09468-;PONTA MONTADA B-90;;P€;;;;;;0;;2;;;;47;;94;;
;;;;;;;;;;;;;;;;;;;;;;;;;;
;;;;;;;09469-;PONTA MONTADA B-96;;P€;;;;;;0;;2;;;;202;;404;;
;;;;;;;;;;;;;;;;;;;;;;;;;;
;;;;;;;09470-;PONTA MONTADA B-97;;P€;;;;;;0;;2;;;;76;;152;;
;;;;;;;;;;;;;;;;;;;;;;;;;;
;;;;;;;09471-;PONTA MONTADA B-111;;P€;;;;;;0;;2;;;;42;;84;;
;;;;;;;;;;;;;;;;;;;;;;;;;;
;;;;;;;09472-;PONTA MONTADA B-134;;P€;;;;;;0;;2;;;;55;;110;;
;;;;;;;;;;;;;;;;;;;;;;;;;;
;;;;;;;11084-;JG PONTA MONTADA 5 PCS ;;P€;;;;;;0;;13,6;;;;0;;0;;
;;;;;;;;WORKER;;;;;;;;;;;;;;;;;;
;;;;;;;;;;;;;;;;;;;;;;;;;;
;;;;;;;11222-;PONTA MONTADA C-196;;P€;;;;;;0;;2,93;;;;0;;0;;
;;;;;;;;;;;;;;;;;;;;;;;;;;
;;;;;;;11295-;PONTA MONTADA C-236;;P€;;;;;;0;;1,78;;;;411;;731,58;;
;;;;;;;;;;;;;;;;;;;;;;;;;;
;;;;;;;11329-;PONTA MONTADA B 135;;P€;;;;;;;;2,7;;;;17;;45,9;;
;;;;;;;;;;;;;;;;;;;;;;;;;;
;;;;;;;11547-;PONTA MONTADA C-196 ;;P€;;;;;;0;;2,09;;;;0;;0;;
;;;;;;;;H6MM;;;;;;;;;;;;;;;;;;
;;;;;;;;;;;;;;;;;;;;;;;;;;
;;;;;;;11553-;PONTA MONTADA A- 5 H6MM;;P€;;;;;;0;;2,78;;;;0;;0;;
;;;;;;;;;;;;;;;;;;;;;;;;;;
;;;;;;;11554-;PONTA MONTADA A- 1 H6MM;;P€;;;;;;0;;4,66;;;;0;;0;;
;;;;;;;;;;;;;;;;;;;;;;;;;;
;7,89938E+12;;;;;;12144-;PONTA MONTADA A-11 ;;PE;;;;;;;;5,95;;;;23;;136,85;;
;;;;;;;;HASTE 1/4 20X45MM - ;;;;;;;;;;;;;;;;;;
;;;;;;;;WORKER;;;;;;;;;;;;;;;;;;
;;;;;;;;;;;;;;;;;;;;;;;;;;
;;;;;;;12677-;PONTA MONTADA C-153;;P€;;;;;;0;;1,7;;;;50;;85;;
;;;;;;;;;;;;;;;;;;;;;;;;;;
;;;;;;;12962-;PONTA MONTADA B 132;;P€;;;;;;;;2,57;;;;0;;0;;
;;;;;;;;;;;;;;;;;;;;;;;;;;
;;;;;;;12963-;PONTA MONTADA B 131;;P€;;;;;;;;2,33;;;;0;;0;;
;;;;Resumo de:;;ABRASIVOS:PONTA MONTADA;;;;;;;Qtde Itens: ;;1518;;;;Total:;3280,35;;;;;;
;;;;;;;;;;;;;;;;;;;;;;;;;;
;;Categoria:;;;ABRASIVOS:DISCO BORRACHA;;;;;;;;;;;;;;;;;;;;;
;;;;;;;;;;;;;;;;;;;;;;;;;;
;7,89749E+12;;;;;;00877-;DISCO BORRACHA 4 1/2;;P€;;;;;;0;;9,43;;;;20;;188,6;;
;;;;;;;;;;;;;;;;;;;;;;;;;;
;;;;;;;00878-;DISCO BORRACHA 7;;P€;;;;;;0;;16,73;;;;16;;267,68;;
;;;;;;;;;;;;;;;;;;;;;;;;;;
;;;;;;;06881-;DISCO BORRACHA 5;;P€;;;;;;0;;8,67;;;;0;;0;;
;;;;;;;;;;;;;;;;;;;;;;;;;;
;;;;;;;13455-;DISCO BORRACHA 7 RIGIDO;;P€;;;;;;0;;19,18;;;;12;;230,16;;
;;;;Resumo de:;;ABRASIVOS:DISCO BORRACHA;;;;;;;Qtde Itens: ;;48;;;;Total:;686,44;;;;;;
;;;;;;;;;;;;;;;;;;;;;;;;;;
;;Categoria:;;;ABRASIVOS:DISCO LIXA;;;;;;;;;;;;;;;;;;;;;
;;;;;;;;;;;;;;;;;;;;;;;;;;
;;;;;;;00921-;DISCO LIXA 4 1/2  G 24;;P€;;;;;;0;;1,95;;;;76;;148,2;;
;;;;;;;;;;;;;;;;;;;;;;;;;;
;;;;;;;00922-;DISCO LIXA 4 1/2  G 50;;P€;;;;;;0;;1,51;;;;51;;77,01;;
;;;;;;;;;;;;;;;;;;;;;;;;;;
;;;;;;;00923-;DISCO LIXA 4 1/2  G120;;P€;;;;;;0;;1,5;;;;18;;27;;
;;;;;;;;;;;;;;;;;;;;;;;;;;
;;;;;;;00924-;DISCO LIXA 7      G100;;P€;;;;;;0;;3;;;;13;;39;;
;;;;;;;;;;;;;;;;;;;;;;;;;;
;7,89532E+12;;;;;;00925-;DISCO LIXA 7      G 16;;P€;;;;;;0;;4,34;;;;285;;1236,9;;
;;;;;;;;;;;;;;;;;;;;;;;;;;
;;;;;;;00926-;DISCO LIXA 7      G 36;;P€;;;;;;0;;2,5;;;;-1;;-2,5;;
;;;;;;;;;;;;;;;;;;;;;;;;;;
;;;;;;;00927-;DISCO LIXA 7      G 60;;P€;;;;;;0;;2,5;;;;4;;10;;
;;;;;;;;;;;;;;;;;;;;;;;;;;
;;;;;;;06099-;DISCO LIXA 4 1/2  G 80;;P€;;;;;;0;;1,67;;;;55;;91,85;;
;;;;;;;;;;;;;;;;;;;;;;;;;;
;;;;;;;06100-;DISCO LIXA 4 1/2  G 36;;P€;;;;;;0;;1,67;;;;-14;;-23,38;;
;;;;;;;;;;;;;;;;;;;;;;;;;;
;;;;;;;06101-;DISCO LIXA 7      G120;;P€;;;;;;0;;0;;;;-8;;0;;
;;;;;;;;;;;;;;;;;;;;;;;;;;
;;;;;;;06102-;DISCO LIXA 4 1/2  G 60;;P€;;;;;;0;;1,67;;;;-10;;-16,7;;
;;;;;;;;;;;;;;;;;;;;;;;;;;
;;;;;;;08053-;DISCO LIXA 4 1/2  G 16;;P€;;;;;;0;;1,52;;;;41;;62,32;;
;;;;;;;;;;;;;;;;;;;;;;;;;;
;;;;;;;08054-;DISCO LIXA 4 1/2  G100;;P€;;;;;;0;;2,5;;;;-12;;-30;;
;;;;;;;;;;;;;;;;;;;;;;;;;;
;;;;;;;08055-;DISCO LIXA 7      G 24;;P€;;;;;;0;;2,5;;;;84;;210;;
;;;;;;;;;;;;;;;;;;;;;;;;;;
;;;;;;;08056-;DISCO LIXA 7      G 50;;P€;;;;;;0;;2,5;;;;-8;;-20;;
;;;;;;;;;;;;;;;;;;;;;;;;;;
;;;;;;;08057-;DISCO LIXA 7      G 80;;P€;;;;;;0;;0;;;;-2;;0;;
;;;;;;;;;;;;;;;;;;;;;;;;;;
;;;;;;;09331-;DISCO LIXA VELCRO G100 ;;P€;;;;;;0;;1,3;;;;9;;11,7;;
;;;;;;;;PAREDE;;;;;;;;;;;;;;;;;;
;;;;;;;;;;;;;;;;;;;;;;;;;;
;;;;;;;11697-;DISCO LIXA 5 VELCRO G100 ;;P€;;;;;;0;;0,94;;;;-7;;-6,58;;
;;;;;;;;WORKER;;;;;;;;;;;;;;;;;;
;;;;;;;;;;;;;;;;;;;;;;;;;;
;;;;;;;11698-;DISCO LIXA 5 VELCRO G150 ;;P€;;;;;;0;;0,94;;;;10;;9,4;;
;;;;;;;;WORKER;;;;;;;;;;;;;;;;;;
;;;;;;;;;;;;;;;;;;;;;;;;;;
;;;;;;;12081-;DISCO LIXA DIAMANTADO ;;P€;;;;;;0;;16,46;;;;2;;32,92;;
;;;;;;;;G100;;;;;;;;;;;;;;;;;;
;;;;;;;;;;;;;;;;;;;;;;;;;;
;;;;;;;12082-;DISCO LIXA DIAMANTADO ;;P€;;;;;;0;;14,8;;;;0;;0;;
;;;;;;;;G200;;;;;;;;;;;;;;;;;;
;;;;;;;;;;;;;;;;;;;;;;;;;;
;;;;;;;12083-;DISCO LIXA DIAMANTADO ;;P€;;;;;;0;;14,8;;;;0;;0;;
;;;;;;;;G3000;;;;;;;;;;;;;;;;;;
;;;;;;;;;;;;;;;;;;;;;;;;;;
;;;;;;;12084-;DISCO LIXA DIAMANTADO ;;P€;;;;;;0;;17,82;;;;0;;0;;
;;;;;;;;G400;;;;;;;;;;;;;;;;;;
;;;;;;;;;;;;;;;;;;;;;;;;;;
;;;;;;;12085-;DISCO LIXA DIAMANTADO G50;;P€;;;;;;0;;17,82;;;;0;;0;;
;;;;;;;;;;;;;;;;;;;;;;;;;;
;;;;;;;12086-;DISCO LIXA DIAMANTADO ;;P€;;;;;;0;;17,82;;;;0;;0;;
;;;;;;;;G800;;;;;;;;;;;;;;;;;;
;;;;;;;;;;;;;;;;;;;;;;;;;;
;7,89996E+12;;;;;;12209-;DISCO LIXA DIAMANTAD ;;UN;;;;;;;;16,46;;;;0;;0;;
;;;;;;;;100MM GRAO 1500 - WORKER;;;;;;;;;;;;;;;;;;
;;;;Resumo de:;;ABRASIVOS:DISCO LIXA;;;;;;;Qtde Itens: ;;586;;;;Total:;1857,14;;;;;;
;;;Resumo Geral;;;;;;;;Qtde Itens:;30365;;;;;;;Total:;161359,13;;;;;;
